time,q1_l,q1_r,q2_l,q2_r,ZMPx,ZMPy,CoMx,CoMy,CoMz
0.0,-9.710993202687197e-9,-9.710993202687197e-9,2.1073424255447017e-8,2.1073424255447017e-8,-7.590338906473724e-16,1.18,0.0,1.18,0.23159287720883517
0.04,-0.004298325086628053,-0.004298325086628053,0.009327621055756666,0.009327621055756666,-7.590338906473724e-16,1.18,-6.878126235727159e-17,1.1799493833242678,0.23158777527406338
0.08,-0.008573579799313707,-0.008573579799313707,0.018605211983921444,0.018605211983921444,-7.590338906473724e-16,1.18,-3.198635547454058e-16,1.1797732833556864,0.2315725788946225
0.12,-0.01282567838197151,-0.01282567838197151,0.02783261961494149,0.02783261961494149,-7.590338906473724e-16,1.18,-5.9555049809989055e-16,1.1795996524944699,0.23154745220782413
0.16,-0.01705453380539175,-0.01705453380539175,0.037009686939687376,0.037009686939687376,-7.590338906473724e-16,1.18,-7.875024417195751e-16,1.1795056683019547,0.23151255935098008
0.2,-0.021260057749586773,-0.021260057749586773,0.04613625308504743,0.04613625308504743,-7.590338906473724e-16,1.18,-8.907544716985559e-16,1.1794858149396248,0.23146806446140197
0.24,-0.025442160586194924,-0.025442160586194924,0.05521215328907599,0.05521215328907599,-7.590338906473724e-16,1.18,-9.359004483895754e-16,1.1795098667986508,0.23141413167640154
0.28,-0.02960075136049977,-0.02960075136049977,0.06423721887481547,0.06423721887481547,-7.590338906473724e-16,1.18,-9.492315695439875e-16,1.179554114682927,0.23135092513329042
0.32,-0.03373573777332089,-0.03373573777332089,0.07321127722333778,0.07321127722333778,-7.590338906473724e-16,1.18,-9.457298017634795e-16,1.1796055930325497,0.23127860896938035
0.36,-0.037847026162508714,-0.037847026162508714,0.08213415174545524,0.08213415174545524,-7.590338906473724e-16,1.18,-9.331585190533295e-16,1.1796579368888165,0.23119734732198302
0.4,-0.04193452148422798,-0.04193452148422798,0.09100566185252355,0.09100566185252355,-7.590338906473724e-16,1.18,-9.159393671531153e-16,1.1797078744605212,0.23110730432841015
0.44,-0.04599812729390944,-0.04599812729390944,0.09982562292607683,0.09982562292607683,-7.590338906473724e-16,1.18,-8.969050866101384e-16,1.179753633307722,0.23100864412597336
0.48,-0.05003774572687501,-0.05003774572687501,0.10859384628634461,0.10859384628634461,-7.590338906473724e-16,1.18,-8.778929823408119e-16,1.1797943513184903,0.2309015308519844
0.52,-0.05405327747863138,-0.05405327747863138,0.1173101391596446,0.1173101391596446,-7.590338906473724e-16,1.18,-8.600054931391638e-16,1.1798297896211178,0.23078612864375492
0.56,-0.05804462178476106,-0.05804462178476106,0.1259743046445102,0.1259743046445102,-7.590338906473724e-16,1.18,-8.438174768095564e-16,1.1798601148978045,0.23066260163859664
0.6,-0.06201167640049312,-0.06201167640049312,0.13458614167676383,0.13458614167676383,-7.590338906473724e-16,1.18,-8.295558843770623e-16,1.1798857255651207,0.23053111397382128
0.64,-0.06595433757979666,-0.06595433757979666,0.1431454449931908,0.1431454449931908,-7.590338906473724e-16,1.18,-8.172355567551586e-16,1.1799071287015408,0.2303918297867405
0.68,-0.06987250005411212,-0.06987250005411212,0.15165200509409799,0.15165200509409799,-7.590338906473724e-16,1.18,-8.067508401606528e-16,1.1799248622838878,0.23024491321466597
0.72,-0.0737660570105873,-0.0737660570105873,0.16010560820446904,0.16010560820446904,-7.590338906473724e-16,1.18,-7.97933897424598e-16,1.1799394498980367,0.23009052839490943
0.76,-0.07763490006988404,-0.07763490006988404,0.16850603623388574,0.16850603623388574,-7.590338906473724e-16,1.18,-7.905910034732127e-16,1.1799513762382754,0.22992883946478254
0.8,-0.08147891926346683,-0.08147891926346683,0.17685306673502985,0.17685306673502985,-7.590338906473724e-16,1.18,-7.845247370594624e-16,1.1799610754297178,0.22976001056159703
0.84,-0.08529800301039994,-0.08529800301039994,0.18514647286084104,0.18514647286084104,-7.590338906473724e-16,1.18,-7.795470074660102e-16,1.1799689272191303,0.22958420582266453
0.88,-0.08909203809358743,-0.08909203809358743,0.19338602332020402,0.19338602332020402,-7.590338906473724e-16,1.18,-7.754860574171706e-16,1.1799752579134313,0.2294015893852968
0.92,-0.09286090963547271,-0.09286090963547271,0.20157148233221198,0.20157148233221198,-7.590338906473724e-16,1.18,-7.721895568506619e-16,1.1799803440247176,0.2292123253868055
0.96,-0.09660450107313309,-0.09660450107313309,0.20970260957888504,0.20970260957888504,-7.590338906473724e-16,1.18,-7.69525248795537e-16,1.179984417274292,0.2290165779645023
1.0,-0.10032269413279418,-0.10032269413279418,0.21777916015640467,0.21777916015640467,-7.590338906473724e-16,1.18,-7.673801460737494e-16,1.1799876700886467,0.22881451125569896
1.04,-0.10401536880366152,-0.10401536880366152,0.2258008845246627,0.2258008845246627,-7.590338906473724e-16,1.18,-7.656589426775713e-16,1.1799902610562836,0.22860628939770714
1.08,-0.10768240331113682,-0.10768240331113682,0.23376752845527854,0.23376752845527854,-7.590338906473724e-16,1.18,-7.642820673845242e-16,1.1799923200424023,0.2283920765278385
1.12,-0.11132367408930315,-0.11132367408930315,0.24167883297785153,0.24167883297785153,-7.590338906473724e-16,1.18,-7.631836455936328e-16,1.1799939528078813,0.22817203678340478
1.16,-0.114939055752716,-0.114939055752716,0.24953453432453734,0.24953453432453734,-7.590338906473724e-16,1.18,-7.623095273516504e-16,1.1799952450734628,0.22794633430171762
1.2,-0.11852842106742467,-0.11852842106742467,0.25733436387280295,0.25733436387280295,-7.590338906473724e-16,1.18,-7.6161546851871295e-16,1.1799962660275751,0.22771513322008877
1.24,-0.12209164092122098,-0.12209164092122098,0.2650780480863622,0.2650780480863622,-7.590338906473724e-16,1.18,-7.610655061848296e-16,1.179997071309347,0.2274785976758299
1.28,-0.12562858429307147,-0.12562858429307147,0.2727653084542117,0.2727653084542117,-7.590338906473724e-16,1.18,-7.606305406708106e-16,1.1799977055155786,0.2272368918062527
1.32,-0.12913911822170243,-0.12913911822170243,0.28039586142771467,0.28039586142771467,-7.590338906473724e-16,1.18,-7.602871191537783e-16,1.1799982042875115,0.22699017974866884
1.36,-0.13262310777329672,-0.13262310777329672,0.2879694183556531,0.2879694183556531,-7.590338906473724e-16,1.18,-7.600164062914757e-16,1.179998596034052,0.22673862564039007
1.4,-0.13608041600828502,-0.13608041600828502,0.2954856854172282,0.2954856854172282,-7.590338906473724e-16,1.18,-7.598033225128002e-16,1.179998903345265,0.22648239361872802
1.44,-0.1395109039471718,-0.1395109039471718,0.30294436355288645,0.30294436355288645,-7.590338906473724e-16,1.18,-7.596358290642398e-16,1.179999144145177,0.22622164782099444
1.48,-0.1429144305353681,-0.1429144305353681,0.31034514839292965,0.31034514839292965,-7.590338906473724e-16,1.18,-7.595043392157682e-16,1.179999332627319,0.22595655238450096
1.52,-0.14629085260700297,-0.14629085260700297,0.3176877301838556,0.3176877301838556,-7.590338906473724e-16,1.18,-7.594012364129565e-16,1.1799994800106741,0.22568727144655937
1.56,-0.1496400248476399,-0.1496400248476399,0.32497179371228446,0.32497179371228446,-7.590338906473724e-16,1.18,-7.593204820794378e-16,1.1799995951481854,0.22541396914448125
1.6,-0.15296179975589486,-0.15296179975589486,0.33219701822647524,0.33219701822647524,-7.590338906473724e-16,1.18,-7.592572978865606e-16,1.1799996850149208,0.2251368096155784
1.64,-0.15625602760388366,-0.15625602760388366,0.3393630773552906,0.3393630773552906,-7.590338906473724e-16,1.18,-7.592079094087928e-16,1.1799997550985173,0.22485595699716238
1.68,-0.1595225563964588,-0.1595225563964588,0.34646963902453165,0.34646963902453165,-7.590338906473724e-16,1.18,-7.591693400561541e-16,1.1799998097106148,0.22457157542654502
1.72,-0.16276123182918378,-0.16276123182918378,0.3535163653705463,0.3535163653705463,-7.590338906473724e-16,1.18,-7.591392459582837e-16,1.1799998522346613,0.22428382904103794
1.76,-0.1659718972450166,-0.1659718972450166,0.36050291265106105,0.36050291265106105,-7.590338906473724e-16,1.18,-7.591157840450248e-16,1.1799998853226457,0.22399288197795286
1.8,-0.16915439358961393,-0.16915439358961393,0.36742893115305686,0.36742893115305686,-7.590338906473724e-16,1.18,-7.590975069244449e-16,1.1799999110509714,0.2236988983746014
1.84,-0.17230855936523112,-0.17230855936523112,0.37429406509764723,0.37429406509764723,-7.590338906473724e-16,1.18,-7.590832793128375e-16,1.1799999310437221,0.22340204236829536
1.88,-0.17543423058314053,-0.17543423058314053,0.3810979525418048,0.3810979525418048,-7.590338906473724e-16,1.18,-7.59072211741102e-16,1.1799999465699753,0.22310247809634642
1.92,-0.1785312407145251,-0.1785312407145251,0.38784022527685286,0.38784022527685286,-7.590338906473724e-16,1.18,-7.590636080694055e-16,1.179999958620507,0.2228003696960662
1.96,-0.18159942063977894,-0.18159942063977894,0.3945205087235887,0.3945205087235887,-7.590338906473724e-16,1.18,-7.590569240090072e-16,1.1799999679681619,0.2224958813047664
2.0,-0.18463859859613865,-0.18463859859613865,0.40113842182388615,0.40113842182388615,-7.590338906473724e-16,1.18,-7.590517343973335e-16,1.179999975215304,0.2221891770597588
2.04,-0.18764860012359905,-0.18764860012359905,0.40769357692868624,0.40769357692868624,-7.590338906473724e-16,1.18,-7.590477074187475e-16,1.1799999808310635,0.221880421098355
2.08,-0.1906292480090237,-0.1906292480090237,0.4141855796822001,0.4141855796822001,-7.590338906473724e-16,1.18,-7.590445843257438e-16,1.179999985180542,0.22156977755786675
2.12,-0.1935803622283898,-0.1935803622283898,0.42061402890219846,0.42061402890219846,-7.590338906473724e-16,1.18,-7.590421635080815e-16,1.1799999885476857,0.22125741057560575
2.16,-0.1965017598870812,-0.1965017598870812,0.42697851645622126,0.42697851645622126,-7.590338906473724e-16,1.18,-7.590402879930621e-16,1.1799999911531793,0.22094348428888363
2.2,-0.19939325515815057,-0.19939325515815057,0.4332786271335416,0.4332786271335416,-7.590338906473724e-16,1.18,-7.590388356492692e-16,1.1799999931684344,0.22062816283501213
2.24,-0.20225465921847555,-0.20225465921847555,0.43951393851273984,0.43951393851273984,-7.590338906473724e-16,1.18,-7.590377115173514e-16,1.1799999947265114,0.22031161035130292
2.28,-0.20508578018270437,-0.20508578018270437,0.4456840208246698,0.4456840208246698,-7.590338906473724e-16,1.18,-7.590368418120883e-16,1.179999995930642,0.21999399097506772
2.32,-0.20788642303491361,-0.20788642303491361,0.4517884368106641,0.4517884368106641,-7.590338906473724e-16,1.18,-7.590361692360052e-16,1.1799999968608719,0.21967546884361822
2.36,-0.21065638955787006,-0.21065638955787006,0.45782674157575726,0.45782674157575726,-7.590338906473724e-16,1.18,-7.590356493210301e-16,1.1799999975792372,0.21935620809426606
2.4,-0.21339547825980315,-0.21339547825980315,0.4637984824367357,0.4637984824367357,-7.590338906473724e-16,1.18,-7.590352475750961e-16,1.179999998133792,0.219036372864323
2.44,-0.21610348429857942,-0.21610348429857942,0.4697031987647933,0.4697031987647933,-7.590338906473724e-16,1.18,-7.590349372583581e-16,1.179999998561742,0.21871612729110074
2.48,-0.21878019940315885,-0.21878019940315885,0.4755404218225432,0.4755404218225432,-7.590338906473724e-16,1.18,-7.590346976514144e-16,1.1799999988918803,0.21839563551191088
2.52,-0.2214254117922366,-0.2214254117922366,0.48130967459519214,0.48130967459519214,-7.590338906473724e-16,1.18,-7.590345127076482e-16,1.1799999991464802,0.2180750616640652
2.56,-0.22403890608992064,-0.22403890608992064,0.48701047161556277,0.48701047161556277,-7.590338906473724e-16,1.18,-7.590343700052062e-16,1.179999999342764,0.21775456988487538
2.6,-0.22662046323833887,-0.22662046323833887,0.49264231878274894,0.49264231878274894,-7.590338906473724e-16,1.18,-7.5903425993252365e-16,1.1799999994940433,0.21743432431165308
2.64,-0.22916986040702936,-0.22916986040702936,0.49820471317409826,0.49820471317409826,-7.590338906473724e-16,1.18,-7.590341750557425e-16,1.1799999996106023,0.21711448908171002
2.68,-0.23168687089897005,-0.23168687089897005,0.5036971428502228,0.5036971428502228,-7.590338906473724e-16,1.18,-7.590341096276921e-16,1.1799999997003843,0.21679522833235787
2.72,-0.23417126405310593,-0.23417126405310593,0.5091190866527447,0.5091190866527447,-7.590338906473724e-16,1.18,-7.590340592069679e-16,1.1799999997695219,0.21647670620090836
2.76,-0.23662280514320969,-0.23662280514320969,0.5144700139944313,0.5144700139944313,-7.590338906473724e-16,1.18,-7.590340203625797e-16,1.1799999998227475,0.21615908682467316
2.8,-0.23904125527291062,-0.23904125527291062,0.5197493846413773,0.5197493846413773,-7.590338906473724e-16,1.18,-7.590339904450675e-16,1.179999999863713,0.21584253434096398
2.84,-0.24142637126671984,-0.24142637126671984,0.5249566484868715,0.5249566484868715,-7.590338906473724e-16,1.18,-7.590339674092116e-16,1.1799999998952342,0.21552721288709245
2.88,-0.24377790555686682,-0.24377790555686682,0.5300912453165613,0.5300912453165613,-7.590338906473724e-16,1.18,-7.590339496767742e-16,1.1799999999194828,0.21521328660037037
2.92,-0.24609560606575678,-0.24609560606575678,0.5351526045645133,0.5351526045645133,-7.590338906473724e-16,1.18,-7.590339360302804e-16,1.1799999999381319,0.2149009196181093
2.96,-0.24837921608382998,-0.24837921608382998,0.5401401450597106,0.5401401450597106,-7.590338906473724e-16,1.18,-7.590339255308561e-16,1.179999999952472,0.21459027607762107
3.0,-0.25062847414263195,-0.25062847414263195,0.5450532747625806,0.5450532747625806,-7.590338906473724e-16,1.18,-7.590339174546993e-16,1.1799999999634954,0.2142815201162173
3.04,-0.2528431138828431,-0.2528431138828431,0.5498913904910254,0.5498913904910254,-7.590338906473724e-16,1.18,-7.590339112439821e-16,1.1799999999719673,0.21397481587120967
3.08,-0.25502286391704443,-0.25502286391704443,0.5546538776354809,0.5546538776354809,-7.590338906473724e-16,1.18,-7.59033906468917e-16,1.179999999978477,0.2136703274799099
3.12,-0.25716744768695154,-0.25716744768695154,0.5593401098624345,0.5593401098624345,-7.590338906473724e-16,1.18,-7.590339027984608e-16,1.1799999999834785,0.2133682190796297
3.16,-0.2592765833148623,-0.2592765833148623,0.5639494488058652,0.5639494488058652,-7.590338906473724e-16,1.18,-7.590338999776976e-16,1.1799999999873203,0.2130686548076807
3.2,-0.26134998344901966,-0.26134998344901966,0.5684812437459678,0.5684812437459678,-7.590338906473724e-16,1.18,-7.590338978103857e-16,1.1799999999902704,0.21277179880137465
3.24,-0.26338735510260236,-0.26338735510260236,0.5729348312745526,0.5729348312745526,-7.590338906473724e-16,1.18,-7.590338961454908e-16,1.1799999999925352,0.21247781519802325
3.28,-0.26538839948601145,-0.26538839948601145,0.5773095349464119,0.5773095349464119,-7.590338906473724e-16,1.18,-7.590338948668015e-16,1.179999999994274,0.21218686813493817
3.32,-0.26735281183213017,-0.26735281183213017,0.5816046649159642,0.5816046649159642,-7.590338906473724e-16,1.18,-7.590338938849218e-16,1.1799999999956083,0.21189912174943107
3.36,-0.26928028121418307,-0.26928028121418307,0.5858195175583786,0.5858195175583786,-7.590338906473724e-16,1.18,-7.590338931310999e-16,1.1799999999966324,0.21161474017881368
3.4,-0.2711704903558277,-0.2711704903558277,0.5899533750743963,0.5899533750743963,-7.590338906473724e-16,1.18,-7.590338925524738e-16,1.1799999999974182,0.21133388756039773
3.44,-0.27302311543306573,-0.27302311543306573,0.5940055050779623,0.5940055050779623,-7.590338906473724e-16,1.18,-7.590338921084068e-16,1.1799999999980209,0.21105672803149483
3.48,-0.2748378258675561,-0.2748378258675561,0.597975160165776,0.597975160165776,-7.590338906473724e-16,1.18,-7.590338917676679e-16,1.179999999998483,0.21078342572941672
3.52,-0.27661428411086186,-0.27661428411086186,0.6018615774677537,0.6018615774677537,-7.590338906473724e-16,1.18,-7.590338915062594e-16,1.1799999999988373,0.2105141447914751
3.56,-0.27835214541915626,-0.27835214541915626,0.6056639781773884,0.6056639781773884,-7.590338906473724e-16,1.18,-7.590338913057458e-16,1.179999999999109,0.21024904935498165
3.6,-0.2800510576178699,-0.2800510576178699,0.6093815670608893,0.6093815670608893,-7.590338906473724e-16,1.18,-7.590338911519671e-16,1.1799999999993174,0.20998830355724804
3.64,-0.28171066085572605,-0.28171066085572605,0.61301353194392,0.61301353194392,-7.590338906473724e-16,1.18,-7.590338910340496e-16,1.179999999999477,0.20973207153558604
3.68,-0.28333058734758776,-0.28333058734758776,0.6165590431746865,0.6165590431746865,-7.590338906473724e-16,1.18,-7.59033890943645e-16,1.1799999999995996,0.20948051742730725
3.72,-0.28491046110548063,-0.28491046110548063,0.6200172530620128,0.6200172530620128,-7.590338906473724e-16,1.18,-7.590338908743445e-16,1.1799999999996937,0.20923380536972339
3.76,-0.2864498976571371,-0.2864498976571371,0.623387295286995,0.623387295286995,-7.590338906473724e-16,1.18,-7.590338908212297e-16,1.1799999999997655,0.2089920995001462
3.8,-0.28794850375134207,-0.28794850375134207,0.6266682842866773,0.6266682842866773,-7.590338906473724e-16,1.18,-7.590338907805262e-16,1.17999999999982,0.20875556395588732
3.84,-0.28940587704932574,-0.28940587704932574,0.62985931460813,0.62985931460813,-7.590338906473724e-16,1.18,-7.590338907493386e-16,1.179999999999862,0.20852436287425846
3.88,-0.2908216058013829,-0.2908216058013829,0.6329594602311548,0.6329594602311548,-7.590338906473724e-16,1.18,-7.590338907254455e-16,1.1799999999998945,0.20829866039257133
3.92,-0.2921952685078606,-0.2921952685078606,0.6359677738577689,0.6359677738577689,-7.590338906473724e-16,1.18,-7.590338907071434e-16,1.1799999999999193,0.2080786206481376
3.96,-0.29352643356356695,-0.29352643356356695,0.6388832861664203,0.6388832861664203,-7.590338906473724e-16,1.18,-7.590338906931261e-16,1.1799999999999382,0.20786440777826898
4.0,-0.2948146588846109,-0.2948146588846109,0.6417050050287983,0.6417050050287983,-7.590338906473724e-16,1.18,-7.590338906823917e-16,1.1799999999999524,0.20765618592027713
4.04,-0.2960594915165949,-0.2960594915165949,0.6444319146869074,0.6444319146869074,-7.590338906473724e-16,1.18,-7.590338906741725e-16,1.1799999999999633,0.20745411921147375
4.08,-0.29726046722301663,-0.29726046722301663,0.6470629748879365,0.6470629748879365,-7.590338906473724e-16,1.18,-7.590338906678798e-16,1.179999999999972,0.2072583717891706
4.12,-0.2984171100526307,-0.2984171100526307,0.649597119974218,0.649597119974218,-7.590338906473724e-16,1.18,-7.590338906630629e-16,1.1799999999999786,0.2070691077906793
4.16,-0.29952893188444457,-0.29952893188444457,0.6520332579254156,0.6520332579254156,-7.590338906473724e-16,1.18,-7.590338906593758e-16,1.1799999999999835,0.20688649135331152
4.2,-0.30059543194891414,-0.30059543194891414,0.6543702693498339,0.6543702693498339,-7.590338906473724e-16,1.18,-7.590338906565543e-16,1.1799999999999873,0.20671068661437908
4.24,-0.3016160963237941,-0.3016160963237941,0.6566070064215085,0.6566070064215085,-7.590338906473724e-16,1.18,-7.590338906543951e-16,1.1799999999999906,0.20654185771119354
4.28,-0.3025903974029733,-0.3025903974029733,0.6587422917594666,0.6587422917594666,-7.590338906473724e-16,1.18,-7.590338906527431e-16,1.179999999999993,0.2063801687810667
4.32,-0.30351779333650253,-0.30351779333650253,0.6607749172452734,0.6607749172452734,-7.590338906473724e-16,1.18,-7.590338906514792e-16,1.1799999999999948,0.20622578396131014
4.36,-0.3043977274398597,-0.3043977274398597,0.6627036427746374,0.6627036427746374,-7.590338906473724e-16,1.18,-7.590338906505125e-16,1.1799999999999962,0.2060788673892356
4.4,-0.3052296275703588,-0.3052296275703588,0.6645271949385412,0.6645271949385412,-7.590338906473724e-16,1.18,-7.590338906497731e-16,1.179999999999997,0.20593958320215483
4.44,-0.3060129054684238,-0.3060129054684238,0.6662442656289603,0.6662442656289603,-7.590338906473724e-16,1.18,-7.590338906492076e-16,1.1799999999999977,0.20580809553737944
4.48,-0.306746956061251,-0.306746956061251,0.6678535105638157,0.6678535105638157,-7.590338906473724e-16,1.18,-7.590338906487751e-16,1.1799999999999982,0.20568456853222117
4.52,-0.30743115672619414,-0.30743115672619414,0.6693535477253777,0.6693535477253777,-7.590338906473724e-16,1.18,-7.590338906484445e-16,1.1799999999999986,0.2055691663239917
4.56,-0.30806486651094894,-0.30806486651094894,0.6707429557058008,0.6707429557058008,-7.590338906473724e-16,1.18,-7.590338906481917e-16,1.179999999999999,0.20546205305000273
4.6,-0.30864742530739026,-0.30864742530739026,0.6720202719529643,0.6720202719529643,-7.590338906473724e-16,1.18,-7.590338906479985e-16,1.179999999999999,0.20536339284756594
4.64,-0.3091781529755993,-0.3091781529755993,0.6731839909091286,0.6731839909091286,-7.590338906473724e-16,1.18,-7.590338906478508e-16,1.179999999999999,0.20527334985399304
4.68,-0.3096563484143456,-0.3096563484143456,0.674232562034309,0.674232562034309,-7.590338906473724e-16,1.18,-7.590338906477378e-16,1.179999999999999,0.20519208820659574
4.72,-0.3100812885739141,-0.3100812885739141,0.6751643877054713,0.6751643877054713,-7.590338906473724e-16,1.18,-7.590338906476516e-16,1.179999999999999,0.20511977204268567
4.76,-0.3104522274068083,-0.3104522274068083,0.6759778209818645,0.6759778209818645,-7.590338906473724e-16,1.18,-7.590338906475857e-16,1.179999999999999,0.20505656549957454
4.8,-0.3107683947514365,-0.3107683947514365,0.6766711632258957,0.6766711632258957,-7.590338906473724e-16,1.18,-7.590338906475353e-16,1.1799999999999995,0.2050026327145741
4.84,-0.3110289951434176,-0.3110289951434176,0.6772426615679251,0.6772426615679251,-7.590338906473724e-16,1.18,-7.590338906474967e-16,1.1799999999999997,0.204958137824996
4.88,-0.3112332065486202,-0.3112332065486202,0.6776905062022359,0.6776905062022359,-7.590338906473724e-16,1.18,-7.590338906474674e-16,1.1799999999999997,0.20492324496815195
4.92,-0.31138017901148896,-0.31138017901148896,0.6780128275002092,0.6780128275002092,-7.590338906473724e-16,1.18,-7.590338906474451e-16,1.1799999999999997,0.20489811828135363
4.96,-0.31146903321154223,-0.31146903321154223,0.6782076929252946,0.6782076929252946,-7.590338906473724e-16,1.18,-7.59033890647428e-16,1.1799999999999997,0.20488292190191268
5.0,-0.31149885892022183,-0.31149885892022183,0.678273103732837,0.678273103732837,-7.590338906473724e-16,1.18,-7.590338906474149e-16,1.1799999999999997,0.2048778199671409
5.04,-0.31149885892022183,-0.31149885892022183,0.678273103732837,0.678273103732837,-7.590338906473724e-16,1.18,-7.590338906474049e-16,1.1799999999999997,0.2048778199671409
5.08,-0.31149885892022183,-0.31149885892022183,0.678273103732837,0.678273103732837,-7.590338906473724e-16,1.18,-7.590338906473972e-16,1.1799999999999997,0.2048778199671409
5.12,-0.31149885892022183,-0.31149885892022183,0.678273103732837,0.678273103732837,-7.590338906473724e-16,1.18,-7.590338906473912e-16,1.1799999999999997,0.2048778199671409
5.16,-0.31149885892022183,-0.31149885892022183,0.678273103732837,0.678273103732837,-7.590338906473724e-16,1.18,-7.590338906473868e-16,1.1799999999999997,0.2048778199671409
5.2,-0.31149885892022183,-0.31149885892022183,0.678273103732837,0.678273103732837,-7.590338906473724e-16,1.18,-7.590338906473834e-16,1.1799999999999997,0.2048778199671409
5.24,-0.31149885892022183,-0.31149885892022183,0.678273103732837,0.678273103732837,-7.590338906473724e-16,1.18,-7.590338906473808e-16,1.1799999999999997,0.2048778199671409
5.28,-0.31149885892022183,-0.31149885892022183,0.678273103732837,0.678273103732837,-7.590338906473724e-16,1.18,-7.590338906473788e-16,1.1799999999999997,0.2048778199671409
5.32,-0.31149885892022183,-0.31149885892022183,0.678273103732837,0.678273103732837,-7.590338906473724e-16,1.18,-7.590338906473772e-16,1.1799999999999997,0.2048778199671409
5.36,-0.31149885892022183,-0.31149885892022183,0.678273103732837,0.678273103732837,-7.590338906473724e-16,1.18,-7.59033890647376e-16,1.1799999999999997,0.2048778199671409
5.4,-0.31149885892022183,-0.31149885892022183,0.678273103732837,0.678273103732837,-7.590338906473724e-16,1.18,-7.59033890647375e-16,1.1799999999999997,0.2048778199671409
5.44,-0.31149885892022183,-0.31149885892022183,0.678273103732837,0.678273103732837,-7.590338906473724e-16,1.18,-7.590338906473743e-16,1.1800000000000002,0.2048778199671409
5.48,-0.31149885892022183,-0.31149885892022183,0.678273103732837,0.678273103732837,-7.590338906473724e-16,1.18,-7.590338906473738e-16,1.1800000000000002,0.2048778199671409
5.52,-0.31149885892022183,-0.31149885892022183,0.678273103732837,0.678273103732837,-7.590338906473724e-16,1.18,-7.590338906473735e-16,1.1800000000000002,0.2048778199671409
5.56,-0.31149885892022183,-0.31149885892022183,0.678273103732837,0.678273103732837,-7.590338906473724e-16,1.18,-7.590338906473733e-16,1.1800000000000002,0.2048778199671409
5.6,-0.31149885892022183,-0.31149885892022183,0.678273103732837,0.678273103732837,-7.590338906473724e-16,1.18,-7.590338906473731e-16,1.1800000000000002,0.2048778199671409
5.64,-0.31149885892022183,-0.31149885892022183,0.678273103732837,0.678273103732837,-7.590338906473724e-16,1.18,-7.59033890647373e-16,1.1800000000000002,0.2048778199671409
5.68,-0.31149885892022183,-0.31149885892022183,0.678273103732837,0.678273103732837,-7.590338906473724e-16,1.18,-7.59033890647373e-16,1.1800000000000002,0.2048778199671409
5.72,-0.31149885892022183,-0.31149885892022183,0.678273103732837,0.678273103732837,-7.590338906473724e-16,1.18,-7.59033890647373e-16,1.1800000000000002,0.2048778199671409
5.76,-0.31149885892022183,-0.31149885892022183,0.678273103732837,0.678273103732837,-7.590338906473724e-16,1.18,-7.590338906473729e-16,1.1800000000000002,0.2048778199671409
5.8,-0.31149885892022183,-0.31149885892022183,0.678273103732837,0.678273103732837,-7.590338906473724e-16,1.18,-7.590338906473727e-16,1.1800000000000002,0.2048778199671409
5.84,-0.31149885892022183,-0.31149885892022183,0.678273103732837,0.678273103732837,-7.590338906473724e-16,1.18,-7.590338906473726e-16,1.1800000000000002,0.2048778199671409
5.88,-0.31149885892022183,-0.31149885892022183,0.678273103732837,0.678273103732837,-7.590338906473724e-16,1.18,-7.590338906473726e-16,1.1800000000000002,0.2048778199671409
5.92,-0.31149885892022183,-0.31149885892022183,0.678273103732837,0.678273103732837,-7.590338906473724e-16,1.18,-7.590338906473726e-16,1.1800000000000002,0.2048778199671409
5.96,-0.31149885892022183,-0.31149885892022183,0.678273103732837,0.678273103732837,-7.590338906473724e-16,1.18,-7.590338906473726e-16,1.1800000000000002,0.2048778199671409
6.0,-0.31149885892022183,-0.31149885892022183,0.678273103732837,0.678273103732837,-7.590338906473724e-16,1.18,-7.590338906473726e-16,1.1800000000000002,0.2048778199671409
6.04,-0.31149885892022183,-0.31149885892022183,0.678273103732837,0.678273103732837,-7.590338906473724e-16,1.18,-7.590338906473726e-16,1.1800000000000002,0.2048778199671409
6.08,-0.31149885892022183,-0.31149885892022183,0.678273103732837,0.678273103732837,-7.590338906473724e-16,1.18,-7.590338906473726e-16,1.1800000000000002,0.2048778199671409
6.12,-0.31149885892022183,-0.31149885892022183,0.678273103732837,0.678273103732837,-7.590338906473724e-16,1.18,-7.590338906473726e-16,1.1800000000000002,0.2048778199671409
6.16,-0.31149885892022183,-0.31149885892022183,0.678273103732837,0.678273103732837,-7.590338906473724e-16,1.18,-7.590338906473725e-16,1.1800000000000002,0.2048778199671409
6.2,-0.31149885892022183,-0.31149885892022183,0.678273103732837,0.678273103732837,-7.590338906473724e-16,1.18,-7.590338906473724e-16,1.1800000000000002,0.2048778199671409
6.24,-0.31149885892022183,-0.31149885892022183,0.678273103732837,0.678273103732837,-7.590338906473724e-16,1.18,-7.590338906473724e-16,1.1800000000000002,0.2048778199671409
6.28,-0.31149885892022183,-0.31149885892022183,0.678273103732837,0.678273103732837,-7.590338906473724e-16,1.18,-7.590338906473724e-16,1.1800000000000002,0.2048778199671409
6.32,-0.31149885892022183,-0.31149885892022183,0.678273103732837,0.678273103732837,-7.590338906473724e-16,1.18,-7.590338906473724e-16,1.1800000000000002,0.2048778199671409
6.36,-0.31149885892022183,-0.31149885892022183,0.678273103732837,0.678273103732837,-7.590338906473724e-16,1.18,-7.590338906473724e-16,1.1800000000000002,0.2048778199671409
6.4,-0.31149885892022183,-0.31149885892022183,0.678273103732837,0.678273103732837,-7.590338906473724e-16,1.18,-7.590338906473724e-16,1.1800000000000002,0.2048778199671409
6.44,-0.31149885892022183,-0.31149885892022183,0.678273103732837,0.678273103732837,-7.590338906473724e-16,1.18,-7.590338906473724e-16,1.1800000000000002,0.2048778199671409
6.48,-0.31149885892022183,-0.31149885892022183,0.678273103732837,0.678273103732837,-7.590338906473724e-16,1.18,-7.590338906473724e-16,1.1800000000000002,0.2048778199671409
6.52,-0.31149885892022183,-0.31149885892022183,0.678273103732837,0.678273103732837,-7.590338906473724e-16,1.18,-7.590338906473724e-16,1.1800000000000002,0.2048778199671409
6.56,-0.31149885892022183,-0.31149885892022183,0.678273103732837,0.678273103732837,-7.590338906473724e-16,1.18,-7.590338906473724e-16,1.1800000000000002,0.2048778199671409
6.6,-0.31149885892022183,-0.31149885892022183,0.678273103732837,0.678273103732837,-7.590338906473724e-16,1.18,-7.590338906473724e-16,1.1799999999999997,0.2048778199671409
6.64,-0.31149885892022183,-0.31149885892022183,0.678273103732837,0.678273103732837,-7.590338906473724e-16,1.18,-7.590338906473724e-16,1.1799999999999997,0.2048778199671409
6.68,-0.31149885892022183,-0.31149885892022183,0.678273103732837,0.678273103732837,-7.590338906473724e-16,1.18,-7.590338906473724e-16,1.1799999999999997,0.2048778199671409
6.72,-0.31149885892022183,-0.31149885892022183,0.678273103732837,0.678273103732837,-7.590338906473724e-16,1.18,-7.590338906473724e-16,1.1799999999999997,0.2048778199671409
6.76,-0.31149885892022183,-0.31149885892022183,0.678273103732837,0.678273103732837,-7.590338906473724e-16,1.18,-7.590338906473724e-16,1.1799999999999997,0.2048778199671409
6.8,-0.31149885892022183,-0.31149885892022183,0.678273103732837,0.678273103732837,-7.590338906473724e-16,1.18,-7.590338906473724e-16,1.1799999999999997,0.2048778199671409
6.84,-0.31149885892022183,-0.31149885892022183,0.678273103732837,0.678273103732837,-7.590338906473724e-16,1.18,-7.590338906473724e-16,1.1799999999999997,0.2048778199671409
6.88,-0.31149885892022183,-0.31149885892022183,0.678273103732837,0.678273103732837,-7.590338906473724e-16,1.18,-7.590338906473724e-16,1.1799999999999997,0.2048778199671409
6.92,-0.31149885892022183,-0.31149885892022183,0.678273103732837,0.678273103732837,-7.590338906473724e-16,1.18,-7.590338906473724e-16,1.1799999999999997,0.2048778199671409
6.96,-0.31149885892022183,-0.31149885892022183,0.678273103732837,0.678273103732837,-7.590338906473724e-16,1.18,-7.590338906473724e-16,1.1799999999999997,0.2048778199671409
7.0,-0.31149885892022183,-0.31149885892022183,0.678273103732837,0.678273103732837,-7.590338906473724e-16,1.18,-7.590338906473724e-16,1.1799999999999997,0.2048778199671409
7.04,-0.31149885892022183,-0.31149885892022183,0.678273103732837,0.678273103732837,-7.590338906473724e-16,1.18,-7.590338906473724e-16,1.1799999999999997,0.2048778199671409
7.08,-0.31149885892022183,-0.31149885892022183,0.678273103732837,0.678273103732837,-7.590338906473724e-16,1.18,-7.590338906473724e-16,1.1799999999999997,0.2048778199671409
7.12,-0.31149885892022183,-0.31149885892022183,0.678273103732837,0.678273103732837,-7.590338906473724e-16,1.18,-7.590338906473724e-16,1.1799999999999997,0.2048778199671409
7.16,-0.31149885892022183,-0.31149885892022183,0.678273103732837,0.678273103732837,-7.590338906473724e-16,1.18,-7.590338906473724e-16,1.1799999999999997,0.2048778199671409
7.2,-0.31149885892022183,-0.31149885892022183,0.678273103732837,0.678273103732837,-7.590338906473724e-16,1.18,-7.590338906473724e-16,1.1799999999999997,0.2048778199671409
7.24,-0.31149885892022183,-0.31149885892022183,0.678273103732837,0.678273103732837,-7.590338906473724e-16,1.18,-7.590338906473724e-16,1.1799999999999997,0.2048778199671409
7.28,-0.31149885892022183,-0.31149885892022183,0.678273103732837,0.678273103732837,-7.590338906473724e-16,1.18,-7.590338906473724e-16,1.1799999999999997,0.2048778199671409
7.32,-0.31149885892022183,-0.31149885892022183,0.678273103732837,0.678273103732837,-7.590338906473724e-16,1.18,-7.590338906473724e-16,1.1799999999999997,0.2048778199671409
7.36,-0.31149885892022183,-0.31149885892022183,0.678273103732837,0.678273103732837,-7.590338906473724e-16,1.18,-7.590338906473724e-16,1.1799999999999997,0.2048778199671409
7.4,-0.31149885892022183,-0.31149885892022183,0.678273103732837,0.678273103732837,-7.590338906473724e-16,1.18,-7.590338906473724e-16,1.1799999999999997,0.2048778199671409
7.44,-0.31149885892022183,-0.31149885892022183,0.678273103732837,0.678273103732837,-7.590338906473724e-16,1.18,-7.590338906473724e-16,1.1799999999999997,0.2048778199671409
7.48,-0.31149885892022183,-0.31149885892022183,0.678273103732837,0.678273103732837,-7.590338906473724e-16,1.18,-7.590338906473724e-16,1.1799999999999997,0.2048778199671409
7.52,-0.31149885892022183,-0.31149885892022183,0.678273103732837,0.678273103732837,-7.590338906473724e-16,1.18,-7.590338906473724e-16,1.1799999999999997,0.2048778199671409
7.56,-0.31149885892022183,-0.31149885892022183,0.678273103732837,0.678273103732837,-7.590338906473724e-16,1.18,-7.590338906473724e-16,1.1799999999999997,0.2048778199671409
7.6,-0.31149885892022183,-0.31149885892022183,0.678273103732837,0.678273103732837,-7.590338906473724e-16,1.18,-7.590338906473724e-16,1.1799999999999997,0.2048778199671409
7.64,-0.31149885892022183,-0.31149885892022183,0.678273103732837,0.678273103732837,-7.590338906473724e-16,1.18,-7.590338906473724e-16,1.1799999999999997,0.2048778199671409
7.68,-0.31149885892022183,-0.31149885892022183,0.678273103732837,0.678273103732837,-7.590338906473724e-16,1.18,-7.590338906473724e-16,1.1799999999999997,0.2048778199671409
7.72,-0.31149885892022183,-0.31149885892022183,0.678273103732837,0.678273103732837,-7.590338906473724e-16,1.18,-7.590338906473724e-16,1.1799999999999997,0.2048778199671409
7.76,-0.31149885892022183,-0.31149885892022183,0.678273103732837,0.678273103732837,-7.590338906473724e-16,1.18,-7.590338906473724e-16,1.1800000000000002,0.2048778199671409
7.8,-0.31149885892022183,-0.31149885892022183,0.678273103732837,0.678273103732837,-7.590338906473724e-16,1.18,-7.590338906473724e-16,1.1800000000000002,0.2048778199671409
7.84,-0.31149885892022183,-0.31149885892022183,0.678273103732837,0.678273103732837,-7.590338906473724e-16,1.18,-7.590338906473724e-16,1.1800000000000002,0.2048778199671409
7.88,-0.31149885892022183,-0.31149885892022183,0.678273103732837,0.678273103732837,-7.590338906473724e-16,1.18,-7.590338906473724e-16,1.1800000000000002,0.2048778199671409
7.92,-0.31149885892022183,-0.31149885892022183,0.678273103732837,0.678273103732837,-7.590338906473724e-16,1.18,-7.590338906473724e-16,1.1800000000000002,0.2048778199671409
7.96,-0.31149885892022183,-0.31149885892022183,0.678273103732837,0.678273103732837,-7.590338906473724e-16,1.18,-7.590338906473724e-16,1.1800000000000002,0.2048778199671409
8.0,-0.31149885892022183,-0.31149885892022183,0.678273103732837,0.678273103732837,-7.590338906473724e-16,1.18,-7.590338906473724e-16,1.1800000000000002,0.2048778199671409
8.04,-0.31149885892022183,-0.31149885892022183,0.678273103732837,0.678273103732837,-7.590338906473724e-16,1.18,-7.590338906473724e-16,1.1800000000000002,0.2048778199671409
8.08,-0.31149885892022183,-0.31149885892022183,0.678273103732837,0.678273103732837,-7.590338906473724e-16,1.18,-7.590338906473724e-16,1.1800000000000002,0.2048778199671409
8.12,-0.31149885892022183,-0.31149885892022183,0.678273103732837,0.678273103732837,-7.590338906473724e-16,1.18,-7.590338906473724e-16,1.1800000000000002,0.2048778199671409
8.16,-0.31149885892022183,-0.31149885892022183,0.678273103732837,0.678273103732837,-7.590338906473724e-16,1.18,-7.590338906473724e-16,1.1800000000000002,0.2048778199671409
8.2,-0.31149885892022183,-0.31149885892022183,0.678273103732837,0.678273103732837,-7.590338906473724e-16,1.18,-7.590338906473724e-16,1.1800000000000002,0.2048778199671409
8.24,-0.31149885892022183,-0.31149885892022183,0.678273103732837,0.678273103732837,-7.590338906473724e-16,1.18,-7.590338906473724e-16,1.1800000000000002,0.2048778199671409
8.28,-0.31149885892022183,-0.31149885892022183,0.678273103732837,0.678273103732837,-7.590338906473724e-16,1.18,-7.590338906473724e-16,1.1800000000000002,0.2048778199671409
8.32,-0.31149885892022183,-0.31149885892022183,0.678273103732837,0.678273103732837,-7.590338906473724e-16,1.18,-7.590338906473724e-16,1.1800000000000002,0.2048778199671409
8.36,-0.31149885892022183,-0.31149885892022183,0.678273103732837,0.678273103732837,-7.590338906473724e-16,1.18,-7.590338906473724e-16,1.1800000000000002,0.2048778199671409
8.4,-0.31149885892022183,-0.31149885892022183,0.678273103732837,0.678273103732837,-7.590338906473724e-16,1.18,-7.590338906473724e-16,1.1800000000000002,0.2048778199671409
8.44,-0.31149885892022183,-0.31149885892022183,0.678273103732837,0.678273103732837,-7.590338906473724e-16,1.18,-7.590338906473724e-16,1.1800000000000002,0.2048778199671409
8.48,-0.31149885892022183,-0.31149885892022183,0.678273103732837,0.678273103732837,-7.590338906473724e-16,1.18,-7.590338906473724e-16,1.1800000000000002,0.2048778199671409
8.52,-0.31149885892022183,-0.31149885892022183,0.678273103732837,0.678273103732837,-7.590338906473724e-16,1.18,-7.590338906473724e-16,1.1800000000000002,0.2048778199671409
8.56,-0.31149885892022183,-0.31149885892022183,0.678273103732837,0.678273103732837,-7.590338906473724e-16,1.18,-7.590338906473724e-16,1.1800000000000002,0.2048778199671409
8.6,-0.31149885892022183,-0.31149885892022183,0.678273103732837,0.678273103732837,-7.590338906473724e-16,1.18,-7.590338906473724e-16,1.1800000000000002,0.2048778199671409
8.64,-0.31149885892022183,-0.31149885892022183,0.678273103732837,0.678273103732837,-7.590338906473724e-16,1.18,-7.590338906473724e-16,1.1800000000000002,0.2048778199671409
8.68,-0.31149885892022183,-0.31149885892022183,0.678273103732837,0.678273103732837,-7.590338906473724e-16,1.18,-7.590338906473724e-16,1.1800000000000002,0.2048778199671409
8.72,-0.31149885892022183,-0.31149885892022183,0.678273103732837,0.678273103732837,-7.590338906473724e-16,1.18,-7.590338906473724e-16,1.1800000000000002,0.2048778199671409
8.76,-0.31149885892022183,-0.31149885892022183,0.678273103732837,0.678273103732837,-7.590338906473724e-16,1.18,-7.590338906473724e-16,1.1800000000000002,0.2048778199671409
8.8,-0.31149885892022183,-0.31149885892022183,0.678273103732837,0.678273103732837,-7.590338906473724e-16,1.18,-7.590338906473724e-16,1.1800000000000002,0.2048778199671409
8.84,-0.31149885892022183,-0.31149885892022183,0.678273103732837,0.678273103732837,-7.590338906473724e-16,1.18,-7.590338906473724e-16,1.1800000000000002,0.2048778199671409
8.88,-0.31149885892022183,-0.31149885892022183,0.678273103732837,0.678273103732837,-7.590338906473724e-16,1.18,-7.590338906473724e-16,1.1800000000000002,0.2048778199671409
8.92,-0.31149885892022183,-0.31149885892022183,0.678273103732837,0.678273103732837,-7.590338906473724e-16,1.18,-7.590338906473724e-16,1.1799999999999997,0.2048778199671409
8.96,-0.31149885892022183,-0.31149885892022183,0.678273103732837,0.678273103732837,-7.590338906473724e-16,1.18,-7.590338906473724e-16,1.1800001935486255,0.2048778199671409
9.0,-0.31149885892022183,-0.31149885892022183,0.678273103732837,0.678273103732837,-7.590338906473724e-16,1.18,-7.590338906473724e-16,1.1800014874661477,0.2048778199671409
9.04,-0.31149885892022183,-0.31149885892022183,0.678273103732837,0.678273103732837,-7.590338906473724e-16,1.18,-7.590338906473724e-16,1.1800044832937415,0.2048778199671409
9.08,-0.31149885892022183,-0.31149885892022183,0.678273103732837,0.678273103732837,-7.590338906473724e-16,1.18,-7.590338906473724e-16,1.1800092589113422,0.2048778199671409
9.12,-0.31149885892022183,-0.31149885892022183,0.678273103732837,0.678273103732837,-7.590338906473724e-16,1.18,-7.590338906473724e-16,1.1800158254935205,0.2048778199671409
9.16,-0.31149885892022183,-0.31149885892022183,0.678273103732837,0.678273103732837,-7.590338906473724e-16,1.18,-7.590338906473724e-16,1.1800243874610696,0.2048778199671409
9.2,-0.31149885892022183,-0.31149885892022183,0.678273103732837,0.678273103732837,-7.590338906473724e-16,1.18,-7.590338906473724e-16,1.1800353999307587,0.2048778199671409
9.24,-0.31149885892022183,-0.31149885892022183,0.678273103732837,0.678273103732837,-7.590338906473724e-16,1.18,-7.590338906473724e-16,1.180049573189072,0.2048778199671409
9.28,-0.31149885892022183,-0.31149885892022183,0.678273103732837,0.678273103732837,-7.590338906473724e-16,1.18,-7.590338906473724e-16,1.1800678989121065,0.2048778199671409
9.32,-0.31149885892022183,-0.31149885892022183,0.678273103732837,0.678273103732837,-7.590338906473724e-16,1.18,-7.590338906473724e-16,1.180091712431267,0.2048778199671409
9.36,-0.31149885892022183,-0.31149885892022183,0.678273103732837,0.678273103732837,-7.590338906473724e-16,1.18,-7.590338906473724e-16,1.180122789360357,0.2048778199671409
9.4,-0.31149885892022183,-0.31149885892022183,0.678273103732837,0.678273103732837,-7.590338906473724e-16,1.18,-7.590338906473724e-16,1.1801634784818318,0.2048778199671409
9.44,-0.31149885892022183,-0.31149885892022183,0.678273103732837,0.678273103732837,-7.590338906473724e-16,1.18,-7.590338906473724e-16,1.180216879026202,0.2048778199671409
9.48,-0.31149885892022183,-0.31149885892022183,0.678273103732837,0.678273103732837,-7.590338906473724e-16,1.18,-7.590338906473724e-16,1.1802870754995045,0.2048778199671409
9.52,-0.31149885892022183,-0.31149885892022183,0.678273103732837,0.678273103732837,-7.590338906473724e-16,1.18,-7.590338906473724e-16,1.1803794487339576,0.2048778199671409
9.56,-0.31149885892022183,-0.31149885892022183,0.678273103732837,0.678273103732837,-7.590338906473724e-16,1.18,-7.590338906473724e-16,1.180501090341661,0.2048778199671409
9.6,-0.31149885892022183,-0.31149885892022183,0.678273103732837,0.678273103732837,-7.590338906473724e-16,1.18,-7.590338906473724e-16,1.1806613587354315,0.2048778199671409
9.64,-0.31149885892022183,-0.31149885892022183,0.678273103732837,0.678273103732837,-7.590338906473724e-16,1.18,-7.590338906473722e-16,1.1808726180783333,0.2048778199671409
9.68,-0.31149885892022183,-0.31149885892022183,0.678273103732837,0.678273103732837,-7.590338906473724e-16,1.18,-7.590338906473721e-16,1.1811511732170763,0.2048778199671409
9.72,-0.31149885892022183,-0.31149885892022183,0.678273103732837,0.678273103732837,-7.590338906473724e-16,1.18,-7.590338906473721e-16,1.181518348288123,0.2048778199671409
9.76,-0.31149885892022183,-0.31149885892022183,0.678273103732837,0.678273103732837,-7.590338906473724e-16,1.18,-7.590338906473721e-16,1.1820016864404617,0.2048778199671409
9.8,-0.31149885892022183,-0.31149885892022183,0.678273103732837,0.678273103732837,-7.590338906473724e-16,1.18,-7.590338906473721e-16,1.1826368090177903,0.2048778199671409
9.84,-0.31149885892022183,-0.31149885892022183,0.678273103732837,0.678273103732837,-7.590338906473724e-16,1.18,-7.590338906473721e-16,1.1834720682885242,0.2048778199671409
9.88,-0.31149885892022183,-0.31149885892022183,0.678273103732837,0.678273103732837,-7.590338906473724e-16,1.18,-7.590338906473721e-16,1.1845795958818899,0.2048778199671409
9.92,-0.31149866596065706,-0.31149866596065706,0.6782731037327306,0.6782731037327306,-7.590338906473724e-16,1.18,6.794586890174109e-8,1.1860710452748966,0.2048778199671409
9.96,-0.3114936705602594,-0.3114936705602594,0.6782731036559992,0.6782731036559992,-7.590338906473724e-16,1.18,1.8269389139785033e-6,1.1880907212595355,0.2048778199671409
10.0,-0.31147675893008386,-0.31147675893008386,0.6782731023387819,0.6782731023387819,-7.590338906473724e-16,1.18,7.78173519819584e-6,1.1907208506894393,0.2048778199671409
10.04,-0.3114456239689427,-0.3114456239689427,0.6782730956445919,0.6782730956445919,-7.590338906473724e-16,1.206,1.874405858664699e-5,1.1937579038198167,0.2048778199671409
10.079999999999998,-0.3114003097710628,-0.31551768430602956,0.6782730760178215,0.686180677676805,-7.590338906473724e-16,1.206,3.469716933341174e-5,1.196638662891233,0.2048778199671409
10.12,-0.31134007601244884,-0.33301511336799466,0.6782730317964158,0.7197086899151408,-7.590338906473724e-16,1.206,5.58998817491389e-5,1.1989518020307794,0.2048778199671409
10.159999999999998,-0.3112622831447144,-0.36189104264947203,0.6782729440736092,0.7742776649801244,-7.590338906473724e-16,1.206,8.327861160023499e-5,1.2006694990167346,0.2048778199671409
10.2,-0.31116226180367695,-0.3987841969604001,0.6782727806146718,0.8425535435016264,-7.590338906473724e-16,1.206,0.00011847238424645035,1.2019260582811395,0.2048778199671409
10.239999999999998,-0.3110332198738599,-0.44040837806128114,0.6782724855829029,0.9173646086683167,-7.590338906473724e-16,1.206,0.0001638639108094248,1.2028526125180297,0.2048778199671409
10.28,-0.31086588051610653,-0.483950056604072,0.6782719619480551,0.9925991621786845,-7.590338906473724e-16,1.206,0.00022270422515578925,1.2035369517996617,0.2048778199671409
10.319999999999999,-0.31064783107013355,-0.5271003314912087,0.6782710409735353,1.0633294420613995,-7.590338906473724e-16,1.206,0.00029933705695749715,1.2040342179852785,0.2048778199671409
10.36,-0.3103625856539071,-0.5679539160387358,0.6782694291676685,1.1256603193782682,-7.590338906473724e-16,1.206,0.0003995204067344726,1.2043812276938692,0.2048778199671409
10.399999999999999,-0.30998831275104577,-0.6048987897996203,0.6782666160669617,1.1765573175047166,-7.590338906473724e-16,1.206,0.0005308598115827591,1.2046035899504977,0.2048778199671409
10.44,-0.30949612866074616,-0.6365404452724729,0.6782617139732074,1.2137288760608258,-7.590338906473724e-16,1.206,0.000703383586812416,1.2047181341960747,0.2048778199671409
10.479999999999999,-0.30884780854845156,-0.6616712571159865,0.6782531794640133,1.2355634972029996,-7.590338906473724e-16,1.206,0.0009303042329127533,1.2047337344589728,0.2048778199671409
10.52,-0.3079926957591131,-0.6792825110864289,0.6782383292348425,1.2411019702592327,-7.590338906473724e-16,1.206,0.001229029293593685,1.2046516868515722,0.2048778199671409
10.559999999999999,-0.30686347862623803,-0.6886084332876381,0.6782124971029629,1.2300251735742176,-7.590338906473724e-16,1.206,0.0016225137519753927,1.2044657241480403,0.2048778199671409
10.6,-0.3053703776686024,-0.6891851876411423,0.6781675634818987,1.202645969663899,-7.590338906473724e-16,1.206,0.0021410722625767203,1.2041615115582764,0.2048778199671409
10.639999999999999,-0.3033932722306951,-0.6809064484777849,0.6780893929681028,1.159904503062535,-7.590338906473724e-16,1.206,0.002824743592565816,1.203715537425058,0.2048778199671409
10.68,-0.3007715651508245,-0.6640636479023344,0.6779534090075329,1.1033770869866255,-7.590338906473724e-16,1.206,0.003726156894639089,1.2030934690763522,0.2048778199671409
10.719999999999999,-0.29729178731369477,-0.6393715963551934,0.6777170772057666,1.0353185356138759,-7.590338906473724e-16,1.206,0.004913707478921643,1.2022481585280151,0.2048778199671409
10.76,-0.29267080803671924,-0.6079923082589529,0.6773072083044023,0.9587672295687559,-7.590338906473724e-16,1.206,0.006475470427040045,1.2011170133627804,0.2048778199671409
10.799999999999999,-0.286522962602412,-0.5715731626640332,0.6765974026164367,0.8777530017541617,-7.590338906473724e-16,1.206,0.008527245449422535,1.199616239993227,0.2048778199671409
10.84,-0.2782804800054398,-0.5323026120848804,0.6753627585273252,0.7976469317510353,-7.590338906473724e-16,1.206,0.011233522010782133,1.1976254602997738,0.2048778199671409
10.879999999999999,-0.26703359006414273,-0.4929453641375603,0.67318132623743,0.7255941692946081,-7.590338906473724e-16,1.206,0.014848517971238769,1.194957411084781,0.2048778199671409
10.92,-0.2513598356923865,-0.456713181325803,0.6692451190467136,0.6705321308036493,-7.590338906473724e-16,1.206,0.019747362383530417,1.19133567981362,0.2048778199671409
10.959999999999999,-0.2295619483051266,-0.42669978730438096,0.662170231769134,0.6414257322886681,-7.590338906473724e-16,1.206,0.026314682370335084,1.1864793969938783,0.2048778199671409
10.999999999999998,-0.19839214729690818,-0.40679021555255634,0.6491178147535392,0.6411544087078905,-7.216449660063518e-16,1.206,0.03447578660792088,1.1804467998954122,0.2048778199671409
11.039999999999997,-0.166611669938044,-0.38884469529085836,0.6332960203148668,0.6559923235430228,0.07327613330855731,1.1516843689758516,0.04307220251446901,1.174097295588057,0.2048778199671409
11.079999999999998,-0.15077530703743844,-0.37178031488923147,0.640251543090926,0.6656982828243816,0.07327613330855731,1.1516843689758516,0.05051660411573251,1.168607821293923,0.2048778199671409
11.119999999999997,-0.1576444792810801,-0.3577534064441054,0.6799116346715516,0.6712488592472431,0.07327613330855731,1.1516843689758516,0.05623768108533955,1.164402883875627,0.2048778199671409
11.159999999999998,-0.18310079603063,-0.3468741989968986,0.7450035371449027,0.6743137065069844,0.07327613330855731,1.1516843689758516,0.06047375325041168,1.1613077848655948,0.2048778199671409
11.199999999999998,-0.2213147347782147,-0.33848356272550356,0.8252196149392683,0.6760296999459259,0.07327613330855731,1.1516843689758516,0.06363700863505344,1.1590199069976692,0.2048778199671409
11.239999999999998,-0.2673447179761945,-0.3319464838446348,0.9113662892215583,0.677010111756803,0.07327613330855731,1.1516843689758516,0.0660451973799402,1.1573077077623248,0.2048778199671409
11.279999999999998,-0.3175722172518633,-0.326810803079829,0.9963577442146295,0.6775753478758242,0.07327613330855731,1.1516843689758516,0.06790555967857825,1.156022884583526,0.2048778199671409
11.319999999999999,-0.3693357219036081,-0.32274742283173447,1.0748621615952008,0.6779008297460172,0.07327613330855731,1.1516843689758516,0.06935962115747613,1.1550675552671585,0.2048778199671409
11.359999999999998,-0.4205270716844264,-0.3194916930305469,1.1428136945060337,0.6780868206904551,0.07327613330855731,1.1516843689758516,0.07051472445492325,1.1543714110851329,0.2048778199671409
11.399999999999999,-0.46931499914187674,-0.3168192217512878,1.1970937371935588,0.678191160653287,0.07327613330855731,1.1516843689758516,0.071457667270356,1.1538823065105928,0.2048778199671409
11.439999999999998,-0.5139860093226584,-0.3145367851956566,1.235374318798309,0.6782465491118326,0.07327613330855731,1.1516843689758516,0.07226063791161444,1.1535627834168383,0.2048778199671409
11.479999999999999,-0.5528859743647463,-0.3124745061163556,1.2560671517832032,0.6782703796992791,0.07327613330855731,1.1516843689758516,0.07298551826537208,1.1533881039017022,0.2048778199671409
11.519999999999998,-0.5844546045648886,-0.3104760950230481,1.2583262782127618,0.6782701257740504,0.07327613330855731,1.1516843689758516,0.07368815203763163,1.153344714133453,0.2048778199671409
11.559999999999997,-0.6073345002206527,-0.3083876968540429,1.2420631971610296,0.6782456955612651,0.07327613330855731,1.1516843689758516,0.07442262791711746,1.15342925227168,0.2048778199671409
11.599999999999998,-0.620516870045308,-0.3060457366312388,1.2079496124265754,0.6781894006185225,0.07327613330855731,1.1516843689758516,0.075245552992522,1.1536482811270397,0.2048778199671409
11.639999999999997,-0.6234770955760787,-0.30326355411692246,1.157405054645944,0.678083527002343,0.07327613330855731,1.1516843689758516,0.07622039217242624,1.1540187407005507,0.2048778199671409
11.679999999999998,-0.6162664805348428,-0.2998166293444403,1.0925894737453974,0.6778948415891437,0.07327613330855731,1.1516843689758516,0.07742183551038159,1.1545689436313507,0.2048778199671409
11.719999999999997,-0.5995556541288645,-0.2954256365507856,1.0164387236227241,0.677564582274897,0.07327613330855731,1.1516843689758516,0.07894023460180162,1.1553399945691958,0.2048778199671409
11.759999999999998,-0.5746518886391704,-0.2897313205382829,0.9327935321288319,0.6769908743605437,0.07327613330855731,1.1516843689758516,0.08088778067744197,1.1563885060241488,0.2048778199671409
11.799999999999997,-0.5435204117189091,-0.2822398426582043,0.8466813920576911,0.6759954239833952,0.07327613330855731,1.1516843689758516,0.08341280267317823,1.1577942565840198,0.2048778199671409
11.839999999999998,-0.508818728915625,-0.27219908636646206,0.764780912556513,0.6742524586382236,0.07327613330855731,1.1516843689758516,0.08673290025706808,1.1596789832405676,0.2048778199671409
11.879999999999997,-0.4738747224003651,-0.25840132536293214,0.6958498637927701,0.6711381208821744,0.07327613330855731,1.1516843689758516,0.09118210820388066,1.1622333764328294,0.2048778199671409
11.919999999999998,-0.4423394440745986,-0.23912490192678362,0.6500769795072995,0.6654936507347567,0.07327613330855731,1.1516843689758516,0.09719537534307375,1.165705673569215,0.2048778199671409
11.959999999999997,-0.4172014620648603,-0.21292556305655802,0.6354856146546721,0.6556127699920682,0.07327613330855731,1.1516843689758516,0.10502586292715657,1.1702376787599094,0.2048778199671409
11.999999999999996,-0.39565486256096233,-0.18712559388713856,0.6510093729263982,0.6436140867257212,0.15034003175216015,1.196579958630764,0.11407408917851736,1.175477354151567,0.2048778199671409
12.039999999999996,-0.3780975444923247,-0.16188600450126825,0.6625228979999983,0.6361547126547656,0.15034003175215988,1.1965799586307637,0.12267158019591225,1.1804514482488822,0.2048778199671409
12.079999999999997,-0.36282011088219224,-0.15835459747657538,0.6694659528232558,0.6605686762473488,0.15034003175215988,1.1965799586307637,0.12960069478542935,1.1844492753334288,0.2048778199671409
12.119999999999996,-0.3507608340999418,-0.1754093942447672,0.6733327019415275,0.7141892494984784,0.15034003175215988,1.1965799586307637,0.13478239475495404,1.187422774481638,0.2048778199671409
12.159999999999997,-0.3414845847878936,-0.20770022199200724,0.6754769743423283,0.7876742761179676,0.15034003175215988,1.1965799586307637,0.13862026646117478,1.189604233585619,0.2048778199671409
12.199999999999996,-0.33430397959355085,-0.24981445693907336,0.676691043137528,0.8712092537763502,0.15034003175215988,1.1965799586307637,0.14151070562600365,1.1912208490382616,0.2048778199671409
12.239999999999997,-0.3286883070907098,-0.2975809784295088,0.6773889898942116,0.9568110179830538,0.15034003175215988,1.1965799586307637,0.14372426258122056,1.1924253946175758,0.2048778199671409
12.279999999999996,-0.32426524145078267,-0.3479639752929265,0.6777915467949183,1.0384266899879226,0.15034003175215988,1.1965799586307637,0.1454380560835105,1.1933147682293868,0.2048778199671409
12.319999999999997,-0.32075023036413874,-0.398653277112741,0.6780226767216251,1.1114642823417462,0.15034003175215988,1.1965799586307637,0.1467792397652827,1.1939548482143634,0.2048778199671409
12.359999999999996,-0.3179071611582267,-0.44773583449083043,0.678153872852909,1.1723995629834836,0.15034003175215988,1.1965799586307637,0.14784745570965696,1.194392957020736,0.2048778199671409
12.399999999999997,-0.31553439254990745,-0.4934887160750018,0.6782261209320127,1.2185523769321693,0.15034003175215988,1.1965799586307637,0.1487238265672299,1.194662288273227,0.2048778199671409
12.439999999999996,-0.31345728216759167,-0.5342744528454861,0.6782620994814805,1.247991144881404,0.15034003175215988,1.1965799586307637,0.14947577043960725,1.194783643663451,0.2048778199671409
12.479999999999997,-0.31151962297067204,-0.5685289581196417,0.6782731025020912,1.25951289955055,0.15034003175215988,1.1965799586307637,0.15016126547644493,1.194766503902238,0.2048778199671409
12.519999999999996,-0.3095734224469291,-0.594831779906814,0.6782625740708821,1.2526542394776863,0.15034003175215988,1.1965799586307637,0.15083309894134725,1.194609616588216,0.2048778199671409
12.559999999999997,-0.3074676785031748,-0.6120320923174354,0.6782271965948287,1.2277010909140096,0.15034003175215988,1.1965799586307637,0.15154300656503805,1.1943008810649463,0.2048778199671409
12.599999999999996,-0.30503618240074953,-0.6193881913523072,0.6781558375718453,1.1856836103105748,0.15034003175215988,1.1965799586307637,0.152345733713714,1.1938164197541132,0.2048778199671409
12.639999999999997,-0.3020841042061884,-0.6166796724888344,0.6780260592502968,1.1283645638665356,0.15034003175215988,1.1965799586307637,0.15330307015460795,1.1931189360655865,0.2048778199671409
12.679999999999996,-0.29837315820988225,-0.6042728302328852,0.6777972603293022,1.0582491993951653,0.15034003175215988,1.1965799586307637,0.1544878083294221,1.1921555973268543,0.2048778199671409
12.719999999999997,-0.2936030668306725,-0.583148404417241,0.6773985760966975,0.9786586952201862,0.15034003175215988,1.1965799586307637,0.15598811246024888,1.1908551301475012,0.2048778199671409
12.759999999999996,-0.28737767746997744,-0.5549183861843285,0.6767070851074783,0.8939194692420316,0.15034003175215988,1.1965799586307637,0.15791545438363072,1.1891212421437998,0.2048778199671409
12.799999999999997,-0.27912547347866246,-0.5218529140406245,0.6755038324101377,0.8097182166051103,0.15034003175215988,1.1965799586307637,0.16042416362549458,1.186814821537315,0.2048778199671409
12.839999999999996,-0.26794134895876287,-0.4868972319385745,0.6733779182240378,0.73357442823613,0.15034003175215988,1.1965799586307637,0.16374913813981262,1.1837187691047302,0.2048778199671409
12.879999999999997,-0.25241833198680064,-0.4535375916272413,0.6695423542359301,0.6749220146653592,0.15034003175215988,1.1965799586307637,0.16823458683987963,1.179512030005722,0.2048778199671409
12.919999999999996,-0.23088273816123073,-0.42518961466945115,0.662649086618715,0.6433154221082212,0.15034003175215988,1.1965799586307637,0.17423305319559235,1.1738677704782234,0.2048778199671409
12.959999999999996,-0.19716875449773685,-0.4077028471849665,0.6485396682996768,0.640238743473038,0.15034003175215988,1.196579958630764,0.18167834251615442,1.166853598576929,0.2048778199671409
12.999999999999995,-0.164921102486701,-0.38963606104151005,0.632330373678148,0.6554493477079933,0.21704265512010815,1.1334190590043791,0.1895170957363947,1.1594690415654976,0.2048778199671409
13.039999999999996,-0.14869144950674648,-0.37242808063761523,0.6389407326258628,0.6653933618184809,0.21704265512010815,1.1334190590043791,0.1963052630252924,1.1530828581670203,0.2048778199671409
13.079999999999995,-0.155318679658207,-0.35826779020761007,0.6784353712642354,0.6710786412928067,0.21704265512010815,1.1334190590043791,0.20152354208165196,1.1481886751489885,0.2048778199671409
13.119999999999996,-0.1806718644225343,-0.34727759095459043,0.7435387254637329,0.6742175455677338,0.21704265512010815,1.1334190590043791,0.2053895846632494,1.1445831363454506,0.2048778199671409
13.159999999999995,-0.2188781796595954,-0.33879785946178215,0.8238782713867252,0.6759749105128859,0.21704265512010815,1.1334190590043791,0.20827930882515924,1.1419139422732156,0.2048778199671409
13.199999999999996,-0.2649612417524053,-0.3321899724788782,0.91020350105322,0.6769789235086595,0.21704265512010815,1.1334190590043791,0.21048270364973864,1.1399112377596188,0.2048778199671409
13.239999999999995,-0.3152829966754847,-0.3269984382317226,0.9953949591986176,0.6775577589753753,0.21704265512010815,1.1334190590043791,0.2121892498405524,1.1384017209393722,0.2048778199671409
13.279999999999996,-0.36717226804692604,-0.32289140894135493,1.074102872073761,0.6778910850951133,0.21704265512010815,1.1334190590043791,0.21352875780425828,1.1372704178723378,0.2048778199671409
13.319999999999995,-0.41851584484004456,-0.3196018647139378,1.1422511815296879,0.678081592332091,0.21704265512010815,1.1334190590043791,0.21460014436779154,1.136434028902448,0.2048778199671409
13.359999999999996,-0.467478836593365,-0.3169033655543468,1.1967144386244832,0.6781885291136511,0.21704265512010815,1.1334190590043791,0.21548393844954733,1.135829869653081,0.2048778199671409
13.399999999999995,-0.5123437079323361,-0.31460097756417194,1.235159295230229,0.6782454103292761,0.21704265512010815,1.1334190590043791,0.21624779927326418,1.1354116741211489,0.2048778199671409
13.439999999999996,-0.5514508823081967,-0.31252344581187613,1.2559930198041693,0.6782700991783034,0.21704265512010815,1.1334190590043791,0.21695058166289083,1.1351471009505656,0.2048778199671409
13.479999999999995,-0.5832329893501336,-0.3105133964251465,1.2583663165955152,0.6782703387653316,0.21704265512010815,1.1334190590043791,0.21764641582895597,1.1350156717654278,0.2048778199671409
13.519999999999994,-0.6063244325223497,-0.30841613103622073,1.2421888614967562,0.6782461923040772,0.21704265512010815,1.1334190590043791,0.21838886468659463,1.1350072476599375,0.2048778199671409
13.559999999999995,-0.6197081493351247,-0.30606742285242117,1.2081323326481888,0.6781900604986757,0.21704265512010815,1.1334190590043791,0.21923515547940708,1.1351212264174337,0.2048778199671409
13.599999999999994,-0.6228523324304847,-0.3032801098390188,1.157617991015493,0.6780842806944078,0.21704265512010815,1.1334190590043791,0.22025056084195663,1.135366446144708,0.2048778199671409
13.639999999999995,-0.6158030294317187,-0.299829286977127,1.0928089130398697,0.6778956491870771,0.21704265512010815,1.1334190590043791,0.22151287075553389,1.13576162441294,0.2048778199671409
13.679999999999994,-0.5992278707530969,-0.29543533383350307,1.0166449616468471,0.6775654206069368,0.21704265512010815,1.1334190590043791,0.22311698262680596,1.1363362095947243,0.2048778199671409
13.719999999999995,-0.5744332336027739,-0.28973877026654477,0.9329713072078019,0.6769917298159698,0.21704265512010815,1.1334190590043791,0.22518137921606088,1.137132300359863,0.2048778199671409
13.759999999999994,-0.543385152480719,-0.2822455864992431,0.8468201347785017,0.6759962890810256,0.21704265512010815,1.1334190590043791,0.2278632799963426,1.1382104510118047,0.2048778199671409
13.799999999999995,-0.5087432775582988,-0.27220353650882095,0.7648752621853413,0.6742533312991206,0.21704265512010815,1.1334190590043791,0.2313938729328265,1.1396641626036843,0.2048778199671409
13.839999999999995,-0.4738388452084626,-0.2584047963930176,0.6959009789690148,0.6711390045997654,0.21704265512010815,1.1334190590043791,0.23612849390472598,1.1416407535825595,0.2048778199671409
13.879999999999995,-0.44232728097265167,-0.23912763376046314,0.6500943508261893,0.665494551954604,0.21704265512010815,1.1334190590043791,0.24252980114314507,1.1443319883526153,0.2048778199671409
13.919999999999995,-0.4172009729109883,-0.21292773499788542,0.635486196420849,0.6556136882690388,0.21704265512010815,1.1334190590043791,0.2508667526661151,1.147846821794296,0.2048778199671409
13.959999999999994,-0.395655832100805,-0.18712730249268672,0.6510086115046925,0.643614951594864,0.2991257911308385,1.1683019659421925,0.26050048710039736,1.151911125796673,0.2048778199671409
13.999999999999993,-0.3780983486246682,-0.16188735949555277,0.6625224643452723,0.6361555081001273,0.29912579113083837,1.1683019659421923,0.2696537178441083,1.1557684375842454,0.2048778199671409
14.039999999999994,-0.36282076063669033,-0.1583556454358277,0.6694657087183287,0.660569322516776,0.29912579113083837,1.1683019659421923,0.2770293414546648,1.1588662856423138,0.2048778199671409
14.079999999999993,-0.3507613486456,-0.17541018712223694,0.6733325639093446,0.7141897268425763,0.29912579113083837,1.1683019659421923,0.2825429260399748,1.1611668936233663,0.2048778199671409
14.119999999999994,-0.34148498688747814,-0.2077008150267499,0.6754768958161841,0.7876746080472982,0.29912579113083837,1.1683019659421923,0.2866239940230158,1.1628501345895454,0.2048778199671409
14.159999999999993,-0.3343042911497074,-0.24981489910904695,0.6766909984334415,0.8712094762420967,0.29912579113083837,1.1683019659421923,0.28969429453101014,1.164091731570892,0.2048778199671409
14.199999999999994,-0.3286885471131439,-0.297581308371356,0.6773889645906105,0.956811163121725,0.29912579113083837,1.1683019659421923,0.2920413950721277,1.165009344507795,0.2048778199671409
14.239999999999993,-0.32426542561864574,-0.34796422187052667,0.6777915326517475,1.0384267821009954,0.29912579113083837,1.1683019659421923,0.29385316450618465,1.1656769082016762,0.2048778199671409
14.279999999999994,-0.3207503712645822,-0.39865346149171305,0.6780226689964215,1.1114643386658019,0.29912579113083837,1.1683019659421923,0.29526401224148136,1.1661438448187733,0.2048778199671409
14.319999999999993,-0.3179072687324312,-0.44773597218398503,0.6781538688152206,1.1723995954572282,0.29912579113083837,1.1683019659421923,0.2963787269984202,1.1664446150940464,0.2048778199671409
14.359999999999994,-0.3155344745627015,-0.4934888185489435,0.6782261190120922,1.2185523937630838,0.29912579113083837,1.1683019659421923,0.29728195297769744,1.1666019834727936,0.2048778199671409
14.399999999999993,-0.3134573446357504,-0.5342745286833757,0.6782620987776503,1.2479911516971178,0.29912579113083837,1.1683019659421923,0.2980431845414933,1.1666281378345502,0.2048778199671409
14.439999999999994,-0.3115196705293876,-0.5685290138312161,0.6782731024964465,1.259512900192604,0.29912579113083837,1.1683019659421923,0.2987211314651859,1.1665252175005911,0.2048778199671409
14.479999999999993,-0.3095734586518505,-0.5948318204806204,0.6782625744658856,1.2526542365398314,0.29912579113083837,1.1683019659421923,0.29936800822030296,1.1662853639145623,0.2048778199671409
14.519999999999994,-0.30746770607327384,-0.6120321215947033,0.6782271972195444,1.2277010861115174,0.29912579113083837,1.1683019659421923,0.3000336262888257,1.165890087606555,0.2048778199671409
14.559999999999993,-0.30503620341034454,-0.6193882122848048,0.6781558383281062,1.1856836047409223,0.29912579113083837,1.1683019659421923,0.30076930693976023,1.1653088378478729,0.2048778199671409
14.599999999999994,-0.30208412023498543,-0.6166796873261965,0.6780260600817175,1.1283645581990545,0.29912579113083837,1.1683019659421923,0.3016316783895417,1.1644968678178247,0.2048778199671409
14.639999999999993,-0.29837317045923106,-0.6042728406686976,0.6777972612033488,1.0582491940113772,0.29912579113083837,1.1683019659421923,0.3026863375381076,1.1633926381226027,0.2048778199671409
14.679999999999994,-0.29360307621315374,-0.5831484117095975,0.6773985769943521,0.9786586903176151,0.29912579113083837,1.1683019659421923,0.3040118205864447,1.1619143874686886,0.2048778199671409
14.719999999999994,-0.28737768467832714,-0.554918391257689,0.6767070860176877,0.893919464910383,0.29912579113083837,1.1683019659421923,0.30570665182580353,1.1599526116347465,0.2048778199671409
14.759999999999994,-0.27912547903893975,-0.521852917571491,0.6755038333277011,0.8097182128821325,0.29912579113083837,1.1683019659421923,0.30790650857872837,1.1573499531571294,0.2048778199671409
14.799999999999994,-0.26794135327133006,-0.4868972344254284,0.6733779191496055,0.7335744251475057,0.29912579113083837,1.1683019659421923,0.31081722685648877,1.1538615841811137,0.2048778199671409
14.839999999999995,-0.25241833535699576,-0.4535375934415694,0.6695423551752403,0.6749220122437389,0.29912579113083837,1.1683019659421923,0.31474006257545767,1.14912584066091,0.2048778199671409
14.879999999999994,-0.23088274082013685,-0.42518961607961103,0.6626490875763782,0.6433154203732759,0.29912579113083837,1.1683019659421923,0.3199838161888372,1.1427742806012218,0.2048778199671409
14.919999999999993,-0.19716875661138522,-0.40770284831402054,0.6485396693026795,0.6402387423290998,0.29912579113083837,1.1683019659421925,0.32649128852662185,1.134882275340159,0.2048778199671409
14.959999999999992,-0.16492110417593883,-0.38963606199649414,0.632330374647213,0.6554493470472522,0.3573862846054172,1.0972790534006809,0.33334270057345927,1.1265734914669507,0.2048778199671409
14.999999999999993,-0.14869145083115257,-0.3724280814222761,0.6389407334627019,0.6653933614463382,0.3573862846054172,1.0972790534006809,0.33927694023064103,1.1193868820672028,0.2048778199671409
15.039999999999992,-0.15531868066902493,-0.3582677908360094,0.6784353719088272,0.6710786410833987,0.3573862846054172,1.0972790534006809,0.34384066789825984,1.1138772673498507,0.2048778199671409
15.079999999999993,-0.18067186518025238,-0.3472775914490422,0.7435387259229032,0.6742175454490734,0.3573862846054172,1.0972790534006809,0.347224331805635,1.1098156156739556,0.2048778199671409
15.119999999999992,-0.21887818022351632,-0.33879785984647853,0.8238782716987485,0.6759749104453846,0.3573862846054172,1.0972790534006809,0.34975673095321197,1.1068052905172006,0.2048778199671409
15.159999999999993,-0.26496124217180167,-0.3321899727759939,0.9102035012589366,0.676978923470356,0.3573862846054172,1.0972790534006809,0.35169174595516584,1.1045422193258807,0.2048778199671409
15.199999999999992,-0.3152829969878943,-0.32699843846004206,0.9953949593307897,0.6775577589538332,0.3573862846054172,1.0972790534006809,0.3531956429227849,1.1028307185421844,0.2048778199671409
15.239999999999993,-0.36717226827995564,-0.3228914091161775,1.074102872156094,0.6778910850832032,0.3573862846054172,1.0972790534006809,0.3543827986153449,1.1015404512716507,0.2048778199671409
15.279999999999992,-0.41851584501383315,-0.3196018648474519,1.142251181578679,0.6780815923257102,0.3573862846054172,1.0972790534006809,0.35534090965742604,1.1005763771349808,0.2048778199671409
15.319999999999993,-0.46747883672267243,-0.3169033656561272,1.196714438651464,0.6781885291104427,0.3573862846054172,1.0972790534006809,0.3561420135384603,1.099866213090754,0.2048778199671409
15.359999999999992,-0.5123437080281058,-0.31460097764166656,1.2351592952429566,0.6782454103278867,0.3573862846054172,1.0972790534006809,0.3568474373021558,1.099355578007771,0.2048778199671409
15.399999999999993,-0.5514508823786545,-0.3125234458708381,1.2559930198079403,0.6782700991779574,0.3573862846054172,1.0972790534006809,0.3575115182385624,1.0990050090857488,0.2048778199671409
15.439999999999992,-0.5832329894015383,-0.3105133964699941,1.2583663165939214,0.6782703387655827,0.3573862846054172,1.0972790534006809,0.35818539310479336,1.0987874051125335,0.2048778199671409
15.479999999999992,-0.6063244325595052,-0.30841613107033694,1.242188861492196,0.6782461923046705,0.3573862846054172,1.0972790534006809,0.35892093171495376,1.0986859939172435,0.2048778199671409
15.519999999999992,-0.6197081493617221,-0.30606742287838745,1.2081323326422222,0.6781900604994642,0.3573862846054172,1.0972790534006809,0.3597748345812789,1.0986930055563644,0.2048778199671409
15.559999999999992,-0.6228523324493453,-0.3032801098588012,1.1576179910090931,0.6780842806953075,0.3573862846054172,1.0972790534006809,0.3608129673528463,1.0988090276152047,0.2048778199671409
15.599999999999993,-0.6158030294449764,-0.2998292869922204,1.0928089130336116,0.6778956491880395,0.3573862846054172,1.0972790534006809,0.36211485254760456,1.0990428804013972,0.2048778199671409
15.639999999999992,-0.5992278707623435,-0.29543533384504256,1.016644961641042,0.6775654206079342,0.3573862846054172,1.0972790534006809,0.3637783301377175,1.099411886279477,0.2048778199671409
15.679999999999993,-0.5744332336091817,-0.28973877027539174,0.9329713072026002,0.6769917298169859,0.3573862846054172,1.0972790534006809,0.36592622497403443,1.099942962131186,0.2048778199671409
15.719999999999992,-0.5433851524851449,-0.28224558650605014,0.8468201347739671,0.6759962890820509,0.3573862846054172,1.0972790534006809,0.3687221062738285,1.1006764799462612,0.2048778199671409
15.759999999999993,-0.5087432775613694,-0.27220353651408447,0.7648752621815044,0.6742533313001526,0.3573862846054172,1.0972790534006809,0.37240705780550554,1.1016762279588643,0.2048778199671409
15.799999999999992,-0.4738388452106434,-0.25840479639711533,0.695900978965909,0.6711390046008089,0.3573862846054172,1.0972790534006809,0.3773520774161145,1.1030438275713503,0.2048778199671409
15.839999999999993,-0.44232728097428775,-0.23912763376368223,0.6500943508238529,0.665494551955666,0.3573862846054172,1.0972790534006809,0.38404020959130963,1.104911544616157,0.2048778199671409
15.879999999999992,-0.41720097291231273,-0.21292773500044027,0.6354861964192737,0.6556136882701188,0.3573862846054172,1.0972790534006809,0.39275194720232,1.107353765453859,0.2048778199671409
15.919999999999991,-0.3956558321019329,-0.18712730249467774,0.6510086115038066,0.6436149515958722,0.44319415809429685,1.121599153340947,0.4028191091261185,1.1101785941172662,0.2048778199671409
15.95999999999999,-0.378098348625602,-0.16188735949712976,0.6625224643447684,0.636155508101053,0.44319415809429646,1.1215991533409468,0.4123836132708171,1.1128582858425906,0.2048778199671409
15.999999999999991,-0.3628207606374437,-0.15835564543704622,0.6694657087180457,0.6605693225175273,0.44319415809429646,1.1215991533409468,0.4200893412005247,1.1150072956867665,0.2048778199671409
16.039999999999992,-0.3507613486461955,-0.17541018712316037,0.6733325639091845,0.7141897268431349,0.44319415809429646,1.1215991533409468,0.4258477921620592,1.1165987273021165,0.2048778199671409
16.07999999999999,-0.3414849868879426,-0.2077008150274385,0.6754768958160934,0.7876746080476837,0.44319415809429646,1.1215991533409468,0.43010764573831645,1.1177572019638025,0.2048778199671409
16.11999999999999,-0.3343042911500668,-0.24981489910956053,0.6766909984333901,0.8712094762423551,0.44319415809429646,1.1215991533409468,0.43330934937425164,1.1186041978914194,0.2048778199671409
16.15999999999999,-0.32868854711341955,-0.2975813083717364,0.6773889645905814,0.9568111631218899,0.44319415809429646,1.1215991533409468,0.43575294972313394,1.1192204054759152,0.2048778199671409
16.199999999999992,-0.3242654256188569,-0.3479642218708153,0.6777915326517312,1.0384267821011064,0.44319415809429646,1.1215991533409468,0.43763410073044406,1.1196556303090333,0.2048778199671409
16.23999999999999,-0.3207503712647434,-0.3986534614919272,0.6780226689964125,1.1114643386658674,0.44319415809429646,1.1215991533409468,0.43909234618605797,1.119942058882704,0.2048778199671409
16.27999999999999,-0.3179072687325536,-0.4477359721841448,0.678153868815216,1.1723995954572657,0.44319415809429646,1.1215991533409468,0.440235967595364,1.1201007466895307,0.2048778199671409
16.31999999999999,-0.31553447456279443,-0.49348881854906085,0.6782261190120898,1.2185523937631015,0.44319415809429646,1.1215991533409468,0.44115179485579425,1.1201436699389846,0.2048778199671409
16.359999999999992,-0.3134573446358208,-0.5342745286834665,0.6782620987776495,1.2479911516971265,0.44319415809429646,1.1215991533409468,0.4419103018920799,1.1200742104524044,0.2048778199671409
16.39999999999999,-0.3115196705294417,-0.5685290138312831,0.6782731024964465,1.2595129001926046,0.44319415809429646,1.1215991533409468,0.4425700036635381,1.119887132395888,0.2048778199671409
16.43999999999999,-0.30957345865189084,-0.594831820480669,0.6782625744658859,1.2526542365398279,0.44319415809429646,1.1215991533409468,0.44318171797671413,1.1195680949715887,0.2048778199671409
16.47999999999999,-0.307467706073304,-0.6120321215947377,0.6782271972195452,1.2277010861115127,0.44319415809429646,1.1215991533409468,0.44379254619012576,1.119092511470486,0.2048778199671409
16.519999999999992,-0.3050362034103669,-0.6193882122848303,0.678155838328107,1.185683604740913,0.44319415809429646,1.1215991533409468,0.4444495758676291,1.118423639804909,0.2048778199671409
16.55999999999999,-0.30208412023500214,-0.6166796873262149,0.6780260600817181,1.1283645581990474,0.44319415809429646,1.1215991533409468,0.44520338043153007,1.1175099885987367,0.2048778199671409
16.59999999999999,-0.29837317045924394,-0.6042728406687109,0.6777972612033497,1.0582491940113705,0.44319415809429646,1.1215991533409468,0.4461113265993998,1.1162822822430813,0.2048778199671409
16.63999999999999,-0.29360307621316356,-0.5831484117096084,0.6773985769943531,0.9786586903176122,0.44319415809429646,1.1215991533409468,0.44724108388352574,1.1146495609606226,0.2048778199671409
16.679999999999993,-0.28737768467833424,-0.5549183912576952,0.6767070860176886,0.8939194649103732,0.44319415809429646,1.1215991533409468,0.44867667516354526,1.1124908356355103,0.2048778199671409
16.71999999999999,-0.27912547903894486,-0.5218529175714963,0.675503833327702,0.8097182128821273,0.44319415809429646,1.1215991533409468,0.45053298578604534,1.1096329847371431,0.2048778199671409
16.75999999999999,-0.2679413532713329,-0.48689723442543187,0.6733779191496061,0.7335744251475013,0.44319415809429646,1.1215991533409468,0.4529835436171673,1.1058073128586816,0.2048778199671409
16.79999999999999,-0.25241833535699754,-0.4535375934415733,0.669542355175241,0.6749220122437384,0.44319415809429646,1.1215991533409468,0.45628190055608,1.1006172504052327,0.2048778199671409
16.839999999999993,-0.23088274082013685,-0.42518961607961225,0.6626490875763782,0.6433154203732719,0.44319415809429646,1.1215991533409468,0.4606882440455266,1.0936585576973548,0.2048778199671409
16.879999999999992,-0.1971687566113846,-0.40770284831402204,0.6485396693026795,0.6402387423290985,0.44319415809429646,1.1215991533409468,0.4661552724815649,1.0850131807045786,0.2048778199671409
16.91999999999999,-0.16492110417593733,-0.3896360619964953,0.6323303746472122,0.6554493470472513,0.4920937188902809,1.0438343016421197,0.4719112923481795,1.0759112044476125,0.2048778199671409
16.95999999999999,-0.14869145083114976,-0.3724280814222771,0.6389407334626992,0.6653933614463378,0.4920937188902809,1.0438343016421197,0.47689801775875906,1.0680375061645375,0.2048778199671409
16.999999999999993,-0.15531868066902427,-0.35826779083601046,0.6784353719088286,0.6710786410833983,0.4920937188902809,1.0438343016421197,0.48073522124238016,1.0619993496591846,0.2048778199671409
17.039999999999992,-0.18067186518025033,-0.34727759144904324,0.743538725922902,0.6742175454490731,0.4920937188902809,1.0438343016421197,0.4835831440110426,1.057545639781105,0.2048778199671409
17.07999999999999,-0.2188781802235145,-0.3387978598464799,0.8238782716987475,0.6759749104453845,0.4920937188902809,1.0438343016421197,0.485718280648974,1.0542416581635103,0.2048778199671409
17.11999999999999,-0.2649612421717978,-0.33218997277599516,0.910203501258932,0.6769789234703556,0.4920937188902809,1.0438343016421197,0.48735439944948206,1.0517539102772901,0.2048778199671409
17.159999999999993,-0.3152829969878941,-0.3269984384600427,0.995394959330792,0.6775577589538332,0.4920937188902809,1.0438343016421197,0.4886319298128508,1.0498674169185742,0.2048778199671409
17.199999999999992,-0.36717226827995303,-0.32289140911617764,1.074102872156093,0.6778910850832032,0.4920937188902809,1.0438343016421197,0.48964801105901057,1.0484385337291597,0.2048778199671409
17.23999999999999,-0.4185158450138302,-0.3196018648474519,1.1422511815786782,0.6780815923257102,0.4920937188902809,1.0438343016421197,0.4904777365804065,1.0473619784499948,0.2048778199671409
17.27999999999999,-0.46747883672266843,-0.3169033656561277,1.1967144386514619,0.6781885291104427,0.4920937188902809,1.0438343016421197,0.49118351636203655,1.0465570093215415,0.2048778199671409
17.319999999999993,-0.5123437080281067,-0.31460097764166733,1.235159295242958,0.6782454103278867,0.4920937188902809,1.0438343016421197,0.4918193781025338,1.0459619877073703,0.2048778199671409
17.359999999999992,-0.5514508823786531,-0.3125234458708387,1.2559930198079403,0.6782700991779574,0.4920937188902809,1.0438343016421197,0.49243428462582134,1.0455309517148998,0.2048778199671409
17.39999999999999,-0.583232989401537,-0.3105133964699947,1.2583663165939214,0.6782703387655827,0.4920937188902809,1.0438343016421197,0.4930755727778558,1.045230604698006,0.2048778199671409
17.43999999999999,-0.6063244325595043,-0.30841613107033755,1.2421888614921963,0.6782461923046705,0.4920937188902809,1.0438343016421197,0.493792601253355,1.0450378057278578,0.2048778199671409
17.47999999999999,-0.6197081493617205,-0.30606742287838773,1.2081323326422244,0.6781900604994642,0.4920937188902809,1.0438343016421197,0.4946406496319345,1.0449377396707236,0.2048778199671409
17.519999999999992,-0.6228523324493442,-0.3032801098588012,1.157617991009091,0.6780842806953075,0.4920937188902809,1.0438343016421197,0.49568513783632207,1.044922734323846,0.2048778199671409
17.55999999999999,-0.6158030294449756,-0.2998292869922204,1.092808913033612,0.6778956491880395,0.4920937188902809,1.0438343016421197,0.497006066803337,1.0449915736297823,0.2048778199671409
17.59999999999999,-0.5992278707623426,-0.2954353338450421,1.0166449616410427,0.6775654206079342,0.4920937188902809,1.0438343016421197,0.49870267607569935,1.0451491807609667,0.2048778199671409
17.63999999999999,-0.5744332336091824,-0.2897387702753919,0.9329713072026042,0.6769917298169859,0.4920937188902809,1.0438343016421197,0.5009001955734493,1.045406866315769,0.2048778199671409
17.679999999999993,-0.5433851524851433,-0.28224558650605064,0.8468201347739641,0.6759962890820509,0.4920937188902809,1.0438343016421197,0.5037659646737456,1.0457841832798158,0.2048778199671409
17.71999999999999,-0.5087432775613695,-0.27220353651408524,0.7648752621815044,0.6742533313001529,0.4920937188902809,1.0438343016421197,0.5075471609131226,1.0463142010897362,0.2048778199671409
17.75999999999999,-0.473838845210643,-0.2584047963971155,0.6959009789659094,0.6711390046008089,0.4920937188902809,1.0438343016421197,0.5126245932487504,1.0470512414729587,0.2048778199671409
17.79999999999999,-0.44232728097428853,-0.23912763376368176,0.6500943508238562,0.665494551955666,0.4920937188902809,1.0438343016421197,0.5194940745207048,1.0480659857789845,0.2048778199671409
17.839999999999993,-0.417200972912312,-0.21292773500043974,0.6354861964192737,0.6556136882701187,0.4920937188902809,1.0438343016421197,0.5284432089132498,1.0493970787311735,0.2048778199671409
17.879999999999992,-0.3956558321019319,-0.18712730249467666,0.6510086115038074,0.6436149515958716,0.5802730884332516,1.057208052080657,0.5387850331690136,1.050937882820109,0.2048778199671409
17.91999999999999,-0.3780983486256012,-0.16188735949712868,0.6625224643447691,0.6361555081010524,0.5802730884332513,1.057208052080657,0.5486099727706427,1.0523976941439,0.2048778199671409
17.95999999999999,-0.3628207606374434,-0.15835564543704508,0.6694657087180457,0.6605693225175255,0.5802730884332513,1.057208052080657,0.5565242810867673,1.0535639746051797,0.2048778199671409
17.999999999999993,-0.35076134864619507,-0.17541018712315948,0.6733325639091848,0.7141897268431342,0.5802730884332513,1.057208052080657,0.5624367842128525,1.0544211320275745,0.2048778199671409
18.039999999999992,-0.34148498688794227,-0.20770081502743837,0.6754768958160934,0.7876746080476837,0.5802730884332513,1.057208052080657,0.5668082429466558,1.0550365705473108,0.2048778199671409
18.07999999999999,-0.3343042911500664,-0.2498148991095602,0.6766909984333904,0.8712094762423548,0.5802730884332513,1.057208052080657,0.5700908569315432,1.0554756077894465,0.2048778199671409
18.11999999999999,-0.32868854711341927,-0.2975813083717361,0.6773889645905814,0.9568111631218896,0.5802730884332513,1.057208052080657,0.572592420050918,1.0557806920598218,0.2048778199671409
18.159999999999993,-0.3242654256188561,-0.3479642218708149,0.6777915326517315,1.0384267821011062,0.5802730884332513,1.057208052080657,0.5745132857563252,1.0559767142765664,0.2048778199671409
18.199999999999992,-0.32075037126474293,-0.3986534614919272,0.6780226689964125,1.1114643386658674,0.5802730884332513,1.057208052080657,0.575995931530288,1.0560781176570995,0.2048778199671409
18.23999999999999,-0.3179072687325534,-0.4477359721841456,0.678153868815216,1.1723995954572661,0.5802730884332513,1.057208052080657,0.5771504239991553,1.05609222039397,0.2048778199671409
18.27999999999999,-0.31553447456279377,-0.49348881854906046,0.6782261190120898,1.2185523937631013,0.5802730884332513,1.057208052080657,0.5780644093977421,1.0560200215888453,0.2048778199671409
18.319999999999993,-0.3134573446358202,-0.5342745286834656,0.6782620987776495,1.2479911516971265,0.5802730884332513,1.057208052080657,0.5788082297974365,1.0558560436715239,0.2048778199671409
18.359999999999992,-0.31151967052944074,-0.5685290138312823,0.6782731024964465,1.2595129001926046,0.5802730884332513,1.057208052080657,0.5794392825256311,1.0555877582251554,0.2048778199671409
18.39999999999999,-0.3095734586518899,-0.5948318204806682,0.6782625744658859,1.2526542365398279,0.5802730884332513,1.057208052080657,0.5800061872967222,1.0551945683733506,0.2048778199671409
18.43999999999999,-0.3074677060733035,-0.6120321215947374,0.6782271972195452,1.2277010861115127,0.5802730884332513,1.057208052080657,0.5805525925292024,1.0546461779150649,0.2048778199671409
18.479999999999993,-0.3050362034103671,-0.6193882122848309,0.678155838328107,1.185683604740913,0.5802730884332513,1.057208052080657,0.5811206094827672,1.0539002328483247,0.2048778199671409
18.519999999999992,-0.30208412023500286,-0.6166796873262155,0.6780260600817184,1.1283645581990474,0.5802730884332513,1.057208052080657,0.5817539592125117,1.0528993092913386,0.2048778199671409
18.55999999999999,-0.29837317045924455,-0.6042728406687112,0.6777972612033497,1.05824919401137,0.5802730884332513,1.057208052080657,0.5825008735462357,1.0515674879378745,0.2048778199671409
18.59999999999999,-0.293603076213164,-0.5831484117096085,0.6773985769943531,0.9786586903176119,0.5802730884332513,1.057208052080657,0.5834170881188943,1.0498060450168356,0.2048778199671409
18.639999999999993,-0.2873776846783344,-0.5549183912576954,0.6767070860176886,0.8939194649103729,0.5802730884332513,1.057208052080657,0.5845707993075071,1.04748441458849,0.2048778199671409
18.679999999999993,-0.27912547903894486,-0.5218529175714963,0.675503833327702,0.8097182128821273,0.5802730884332513,1.057208052080657,0.5860542886721588,1.0444164412852375,0.2048778199671409
18.71999999999999,-0.2679413532713335,-0.4868972344254323,0.6733779191496061,0.7335744251475009,0.5802730884332513,1.057208052080657,0.5880060392957526,1.0403137996351999,0.2048778199671409
18.75999999999999,-0.252418335356998,-0.45353759344157335,0.669542355175241,0.674922012243738,0.5802730884332513,1.057208052080657,0.590627900395339,1.0347512686337899,0.2048778199671409
18.799999999999994,-0.2308827408201378,-0.42518961607961236,0.6626490875763785,0.6433154203732719,0.5802730884332513,1.057208052080657,0.5941273430918016,1.027295186018647,0.2048778199671409
18.839999999999993,-0.19716875661138508,-0.40770284831402215,0.6485396693026795,0.6402387423290977,0.5802730884332512,1.0572080520806573,0.5984677093218125,1.0180327800538311,0.2048778199671409
18.879999999999992,-0.16492110417593733,-0.3896360619964955,0.6323303746472122,0.6554493470472513,0.619040541265706,0.9739276593902754,0.6030375611364279,1.008281155015936,0.2048778199671409
18.91999999999999,-0.14869145083114857,-0.3724280814222767,0.6389407334626985,0.6653933614463378,0.619040541265706,0.9739276593902754,0.6069981286617551,0.9998445407749775,0.2048778199671409
18.959999999999994,-0.15531868066902313,-0.35826779083600957,0.678435371908828,0.6710786410833987,0.619040541265706,0.9739276593902754,0.6100482929702076,0.9933730678167326,0.2048778199671409
18.999999999999993,-0.18067186518024997,-0.34727759144904274,0.7435387259229017,0.6742175454490731,0.619040541265706,0.9739276593902754,0.6123155611568286,0.9885975374017623,0.2048778199671409
19.039999999999992,-0.21887818022351413,-0.33879785984647975,0.8238782716987472,0.6759749104453845,0.619040541265706,0.9739276593902754,0.6140197629048653,0.9850520050871405,0.2048778199671409
19.07999999999999,-0.2649612421717976,-0.332189972775995,0.910203501258932,0.6769789234703556,0.619040541265706,0.9739276593902754,0.6153311829330737,0.9823788137762947,0.2048778199671409
19.119999999999994,-0.3152829969878949,-0.3269984384600432,0.9953949593307925,0.6775577589538332,0.619040541265706,0.9739276593902754,0.6163621992752019,0.980347078969763,0.2048778199671409
19.159999999999993,-0.3671722682799541,-0.3228914091161782,1.074102872156093,0.6778910850832028,0.619040541265706,0.9739276593902754,0.6171911818667319,0.9788021142029386,0.2048778199671409
19.199999999999992,-0.41851584501383077,-0.31960186484745234,1.1422511815786782,0.6780815923257102,0.619040541265706,0.9739276593902754,0.6178794366003162,0.9776300557011338,0.2048778199671409
19.23999999999999,-0.4674788367226686,-0.31690336565612753,1.1967144386514619,0.6781885291104427,0.619040541265706,0.9739276593902754,0.6184787617137735,0.9767429763324748,0.2048778199671409
19.279999999999994,-0.512343708028106,-0.3146009776416669,1.2351592952429575,0.6782454103278867,0.619040541265706,0.9739276593902754,0.6190350335115794,0.9760729520334193,0.2048778199671409
19.319999999999993,-0.5514508823786535,-0.31252344587083886,1.2559930198079403,0.6782700991779574,0.619040541265706,0.9739276593902754,0.6195910681785481,0.9755682466655903,0.2048778199671409
19.359999999999992,-0.5832329894015379,-0.3105133964699947,1.2583663165939214,0.6782703387655827,0.619040541265706,0.9739276593902754,0.6201896561191418,0.9751898932568932,0.2048778199671409
19.39999999999999,-0.6063244325595035,-0.3084161310703368,1.2421888614921963,0.6782461923046705,0.619040541265706,0.9739276593902754,0.6208768664925893,0.974908747066819,0.2048778199671409
19.43999999999999,-0.6197081493617201,-0.30606742287838695,1.2081323326422246,0.6781900604994642,0.619040541265706,0.9739276593902754,0.6217056861538933,0.9747031814149271,0.2048778199671409
19.479999999999993,-0.6228523324493436,-0.3032801098588001,1.1576179910090916,0.6780842806953075,0.619040541265706,0.9739276593902754,0.6227400575881709,0.9745573853056156,0.2048778199671409
19.519999999999992,-0.615803029444975,-0.2998292869922193,1.0928089130336125,0.6778956491880395,0.619040541265706,0.9739276593902754,0.6240591984885477,0.9744601254943186,0.2048778199671409
19.55999999999999,-0.5992278707623424,-0.29543533384504134,1.016644961641043,0.6775654206079339,0.619040541265706,0.9739276593902754,0.6257621829014289,0.9744038483199983,0.2048778199671409
19.59999999999999,-0.5744332336091822,-0.28973877027539097,0.9329713072026042,0.6769917298169855,0.619040541265706,0.9739276593902754,0.627974670865398,0.9743840797227601,0.2048778199671409
19.639999999999993,-0.5433851524851431,-0.28224558650604953,0.8468201347739645,0.6759962890820509,0.619040541265706,0.9739276593902754,0.6308651328755576,0.9743992453218574,0.2048778199671409
19.679999999999993,-0.508743277561369,-0.2722035365140837,0.764875262181505,0.6742533313001526,0.619040541265706,0.9739276593902754,0.6346829420991625,0.9744511742316159,0.2048778199671409
19.71999999999999,-0.4738388452106429,-0.2584047963971149,0.6959009789659099,0.6711390046008086,0.619040541265706,0.9739276593902754,0.6398127130187649,0.9745460318184452,0.2048778199671409
19.75999999999999,-0.44232728097428853,-0.23912763376368157,0.6500943508238562,0.6654945519556658,0.619040541265706,0.9739276593902754,0.6467552075641904,0.974691800261805,0.2048778199671409
19.799999999999994,-0.4172009729123123,-0.2129277350004391,0.6354861964192737,0.6556136882701182,0.619040541265706,0.9739276593902754,0.6558006055429458,0.9748907731974686,0.2048778199671409
19.839999999999993,-0.3956558321019316,-0.18712730249467585,0.6510086115038074,0.6436149515958709,0.7082007655292732,0.976144148293577,0.6662539953842553,0.9751232533110185,0.2048778199671409
19.879999999999992,-0.37809834862560043,-0.16188735949712732,0.6625224643447695,0.6361555081010517,0.708200765529273,0.9761441482935769,0.6761844252761631,0.9753401621366505,0.2048778199671409
19.91999999999999,-0.36282076063744234,-0.15835564543704334,0.669465708718046,0.6605693225175244,0.708200765529273,0.9761441482935769,0.6841825006087807,0.9755053202754571,0.2048778199671409
19.959999999999994,-0.35076134864619435,-0.17541018712315784,0.6733325639091853,0.7141897268431333,0.708200765529273,0.9761441482935769,0.69015581219316,0.9756146856203046,0.2048778199671409
19.999999999999993,-0.34148498688794116,-0.20770081502743584,0.6754768958160937,0.7876746080476823,0.708200765529273,0.9761441482935769,0.6945699355688943,0.9756773821649896,0.2048778199671409
